Week,Day,Date,,Winner/tie,,Loser/tie,PtsW,PtsL,YdsW,TOW,YdsL,TOL
1,Thu,September 10,boxscore,Pittsburgh Steelers,,Tennessee Titans,13,10,357,3,320,2
1,Sun,September 13,boxscore,New York Jets,@,Houston Texans,24,7,462,1,183,2
1,Sun,September 13,boxscore,New York Giants,,Washington Redskins,23,17,351,2,272,2
1,Sun,September 13,boxscore,San Francisco 49ers,@,Arizona Cardinals,20,16,203,1,299,2
1,Sun,September 13,boxscore,Seattle Seahawks,,St. Louis Rams,28,0,446,3,247,1
1,Sun,September 13,boxscore,Philadelphia Eagles,@,Carolina Panthers,38,10,267,2,169,7
1,Sun,September 13,boxscore,Minnesota Vikings,@,Cleveland Browns,34,20,310,0,268,2
1,Sun,September 13,boxscore,Atlanta Falcons,,Miami Dolphins,19,7,281,0,259,4
1,Sun,September 13,boxscore,Baltimore Ravens,,Kansas City Chiefs,38,24,501,1,188,0
1,Sun,September 13,boxscore,Green Bay Packers,,Chicago Bears,21,15,226,0,352,4
1,Sun,September 13,boxscore,Indianapolis Colts,,Jacksonville Jaguars,14,12,365,2,228,0
1,Sun,September 13,boxscore,New Orleans Saints,,Detroit Lions,45,27,515,3,231,3
1,Sun,September 13,boxscore,Denver Broncos,@,Cincinnati Bengals,12,7,302,0,307,2
1,Sun,September 13,boxscore,Dallas Cowboys,@,Tampa Bay Buccaneers,34,21,462,0,450,0
1,Mon,September 14,boxscore,San Diego Chargers,@,Oakland Raiders,24,20,317,2,366,3
1,Mon,September 14,boxscore,New England Patriots,,Buffalo Bills,25,24,441,1,276,1
Week,Day,Date,,Winner/tie,,Loser/tie,PtsW,PtsL,YdsW,TOW,YdsL,TOL
2,Sun,September 20,boxscore,New York Giants,@,Dallas Cowboys,33,31,427,0,378,4
2,Sun,September 20,boxscore,Chicago Bears,,Pittsburgh Steelers,17,14,275,0,308,2
2,Sun,September 20,boxscore,Oakland Raiders,@,Kansas City Chiefs,13,10,166,0,409,2
2,Sun,September 20,boxscore,Washington Redskins,,St. Louis Rams,9,7,362,1,245,1
2,Sun,September 20,boxscore,Baltimore Ravens,@,San Diego Chargers,31,26,311,1,474,2
2,Sun,September 20,boxscore,San Francisco 49ers,,Seattle Seahawks,23,10,379,0,283,1
2,Sun,September 20,boxscore,Buffalo Bills,,Tampa Bay Buccaneers,33,20,438,2,353,2
2,Sun,September 20,boxscore,New York Jets,,New England Patriots,16,9,254,1,299,1
2,Sun,September 20,boxscore,New Orleans Saints,@,Philadelphia Eagles,48,22,421,1,463,4
2,Sun,September 20,boxscore,Atlanta Falcons,,Carolina Panthers,28,20,371,2,440,2
2,Sun,September 20,boxscore,Cincinnati Bengals,@,Green Bay Packers,31,24,319,2,311,1
2,Sun,September 20,boxscore,Denver Broncos,,Cleveland Browns,27,6,449,1,200,3
2,Sun,September 20,boxscore,Arizona Cardinals,@,Jacksonville Jaguars,31,17,383,2,367,3
2,Sun,September 20,boxscore,Houston Texans,@,Tennessee Titans,34,31,420,0,449,2
2,Sun,September 20,boxscore,Minnesota Vikings,@,Detroit Lions,27,13,265,1,265,3
2,Mon,September 21,boxscore,Indianapolis Colts,@,Miami Dolphins,27,23,356,0,403,1
Week,Day,Date,,Winner/tie,,Loser/tie,PtsW,PtsL,YdsW,TOW,YdsL,TOL
3,Sun,September 27,boxscore,San Diego Chargers,,Miami Dolphins,23,13,355,1,289,2
3,Sun,September 27,boxscore,New Orleans Saints,@,Buffalo Bills,27,7,378,1,243,2
3,Sun,September 27,boxscore,New York Giants,@,Tampa Bay Buccaneers,24,0,397,0,86,1
3,Sun,September 27,boxscore,New York Jets,,Tennessee Titans,24,17,229,2,286,4
3,Sun,September 27,boxscore,Cincinnati Bengals,,Pittsburgh Steelers,23,20,273,0,373,1
3,Sun,September 27,boxscore,Minnesota Vikings,,San Francisco 49ers,27,24,377,1,246,1
3,Sun,September 27,boxscore,Detroit Lions,,Washington Redskins,19,14,381,0,390,1
3,Sun,September 27,boxscore,Philadelphia Eagles,,Kansas City Chiefs,34,14,420,1,196,1
3,Sun,September 27,boxscore,Jacksonville Jaguars,@,Houston Texans,31,24,399,1,397,2
3,Sun,September 27,boxscore,New England Patriots,,Atlanta Falcons,26,10,445,0,257,1
3,Sun,September 27,boxscore,Chicago Bears,@,Seattle Seahawks,25,19,318,2,346,2
3,Sun,September 27,boxscore,Baltimore Ravens,,Cleveland Browns,34,3,479,1,186,4
3,Sun,September 27,boxscore,Indianapolis Colts,@,Arizona Cardinals,31,10,505,1,323,3
3,Sun,September 27,boxscore,Denver Broncos,@,Oakland Raiders,23,3,372,1,137,3
3,Sun,September 27,boxscore,Green Bay Packers,@,St. Louis Rams,36,17,402,0,336,3
3,Mon,September 28,boxscore,Dallas Cowboys,,Carolina Panthers,21,7,449,0,271,3
Week,Day,Date,,Winner/tie,,Loser/tie,PtsW,PtsL,YdsW,TOW,YdsL,TOL
4,Sun,October 4,boxscore,Jacksonville Jaguars,,Tennessee Titans,37,17,442,1,379,3
4,Sun,October 4,boxscore,Houston Texans,,Oakland Raiders,29,6,329,2,165,3
4,Sun,October 4,boxscore,San Francisco 49ers,,St. Louis Rams,35,0,228,0,177,3
4,Sun,October 4,boxscore,New England Patriots,,Baltimore Ravens,27,21,319,1,363,2
4,Sun,October 4,boxscore,Pittsburgh Steelers,,San Diego Chargers,38,28,497,1,251,1
4,Sun,October 4,boxscore,Washington Redskins,,Tampa Bay Buccaneers,16,13,277,4,229,2
4,Sun,October 4,boxscore,New Orleans Saints,,New York Jets,24,10,343,1,244,4
4,Sun,October 4,boxscore,New York Giants,@,Kansas City Chiefs,27,16,429,2,212,1
4,Sun,October 4,boxscore,Indianapolis Colts,,Seattle Seahawks,34,17,431,1,279,2
4,Sun,October 4,boxscore,Chicago Bears,,Detroit Lions,48,24,276,0,398,2
4,Sun,October 4,boxscore,Denver Broncos,,Dallas Cowboys,17,10,337,1,315,2
4,Sun,October 4,boxscore,Cincinnati Bengals,@,Cleveland Browns,23,20,375,2,395,2
4,Sun,October 4,boxscore,Miami Dolphins,,Buffalo Bills,38,10,336,0,206,3
4,Mon,October 5,boxscore,Minnesota Vikings,,Green Bay Packers,30,23,334,1,424,2
Week,Day,Date,,Winner/tie,,Loser/tie,PtsW,PtsL,YdsW,TOW,YdsL,TOL
5,Sun,October 11,boxscore,Arizona Cardinals,,Houston Texans,28,21,340,1,416,1
5,Sun,October 11,boxscore,Carolina Panthers,,Washington Redskins,20,17,248,2,198,1
5,Sun,October 11,boxscore,Philadelphia Eagles,,Tampa Bay Buccaneers,33,14,325,0,303,3
5,Sun,October 11,boxscore,Atlanta Falcons,@,San Francisco 49ers,45,10,477,2,279,3
5,Sun,October 11,boxscore,New York Giants,,Oakland Raiders,44,7,483,1,124,3
5,Sun,October 11,boxscore,Pittsburgh Steelers,@,Detroit Lions,28,20,344,1,335,1
5,Sun,October 11,boxscore,Denver Broncos,,New England Patriots,20,17,424,2,305,1
5,Sun,October 11,boxscore,Minnesota Vikings,@,St. Louis Rams,38,10,377,1,400,4
5,Sun,October 11,boxscore,Seattle Seahawks,,Jacksonville Jaguars,41,0,379,0,199,2
5,Sun,October 11,boxscore,Dallas Cowboys,@,Kansas City Chiefs,26,20,498,2,304,0
5,Sun,October 11,boxscore,Indianapolis Colts,@,Tennessee Titans,31,9,367,2,245,2
5,Sun,October 11,boxscore,Cleveland Browns,@,Buffalo Bills,6,3,193,1,288,3
5,Sun,October 11,boxscore,Cincinnati Bengals,@,Baltimore Ravens,17,14,403,2,257,2
5,Mon,October 12,boxscore,Miami Dolphins,,New York Jets,31,27,413,0,309,0
Week,Day,Date,,Winner/tie,,Loser/tie,PtsW,PtsL,YdsW,TOW,YdsL,TOL
6,Sun,October 18,boxscore,Arizona Cardinals,@,Seattle Seahawks,27,3,344,2,128,2
6,Sun,October 18,boxscore,Carolina Panthers,@,Tampa Bay Buccaneers,28,21,322,3,245,2
6,Sun,October 18,boxscore,Atlanta Falcons,,Chicago Bears,21,14,253,2,373,3
6,Sun,October 18,boxscore,Oakland Raiders,,Philadelphia Eagles,13,9,325,2,283,0
6,Sun,October 18,boxscore,New Orleans Saints,,New York Giants,48,27,493,0,325,2
6,Sun,October 18,boxscore,Minnesota Vikings,,Baltimore Ravens,33,31,426,0,448,0
6,Sun,October 18,boxscore,Jacksonville Jaguars,,St. Louis Rams,23,20,492,3,262,1
6,Sun,October 18,boxscore,New England Patriots,,Tennessee Titans,59,0,619,0,186,5
6,Sun,October 18,boxscore,Kansas City Chiefs,@,Washington Redskins,14,6,268,0,265,2
6,Sun,October 18,boxscore,Houston Texans,@,Cincinnati Bengals,28,17,472,2,296,3
6,Sun,October 18,boxscore,Green Bay Packers,,Detroit Lions,26,0,435,2,149,3
6,Sun,October 18,boxscore,Buffalo Bills,@,New York Jets,16,13,296,2,414,6
6,Sun,October 18,boxscore,Pittsburgh Steelers,,Cleveland Browns,27,14,543,4,197,4
6,Mon,October 19,boxscore,Denver Broncos,@,San Diego Chargers,34,23,328,0,311,1
Week,Day,Date,,Winner/tie,,Loser/tie,PtsW,PtsL,YdsW,TOW,YdsL,TOL
7,Sun,October 25,boxscore,Dallas Cowboys,,Atlanta Falcons,37,21,414,1,298,3
7,Sun,October 25,boxscore,Cincinnati Bengals,,Chicago Bears,45,10,448,0,279,4
7,Sun,October 25,boxscore,New Orleans Saints,@,Miami Dolphins,46,34,414,4,334,3
7,Sun,October 25,boxscore,Indianapolis Colts,@,St. Louis Rams,42,6,391,0,272,2
7,Sun,October 25,boxscore,Arizona Cardinals,@,New York Giants,24,17,288,2,327,4
7,Sun,October 25,boxscore,New York Jets,@,Oakland Raiders,38,0,447,0,263,4
7,Sun,October 25,boxscore,Green Bay Packers,@,Cleveland Browns,31,3,460,0,139,2
7,Sun,October 25,boxscore,San Diego Chargers,@,Kansas City Chiefs,37,7,403,0,203,3
7,Sun,October 25,boxscore,Houston Texans,,San Francisco 49ers,24,21,336,1,297,2
7,Sun,October 25,boxscore,Buffalo Bills,@,Carolina Panthers,20,9,167,0,425,4
7,Sun,October 25,boxscore,Pittsburgh Steelers,,Minnesota Vikings,27,17,259,1,386,2
7,Sun,October 25,boxscore,New England Patriots,@,Tampa Bay Buccaneers,35,7,414,2,240,3
7,Mon,October 26,boxscore,Philadelphia Eagles,@,Washington Redskins,27,17,262,0,308,4
Week,Day,Date,,Winner/tie,,Loser/tie,PtsW,PtsL,YdsW,TOW,YdsL,TOL
8,Sun,November 1,boxscore,Dallas Cowboys,,Seattle Seahawks,38,17,362,1,308,2
8,Sun,November 1,boxscore,St. Louis Rams,@,Detroit Lions,17,10,362,1,289,1
8,Sun,November 1,boxscore,Minnesota Vikings,@,Green Bay Packers,38,26,355,2,351,0
8,Sun,November 1,boxscore,Indianapolis Colts,,San Francisco 49ers,18,14,410,0,295,2
8,Sun,November 1,boxscore,Carolina Panthers,@,Arizona Cardinals,34,21,355,0,320,6
8,Sun,November 1,boxscore,Chicago Bears,,Cleveland Browns,30,6,369,1,191,5
8,Sun,November 1,boxscore,Baltimore Ravens,,Denver Broncos,30,7,292,0,200,1
8,Sun,November 1,boxscore,Tennessee Titans,,Jacksonville Jaguars,30,13,430,0,330,2
8,Sun,November 1,boxscore,Miami Dolphins,@,New York Jets,30,25,104,1,378,1
8,Sun,November 1,boxscore,Houston Texans,@,Buffalo Bills,31,10,439,3,204,2
8,Sun,November 1,boxscore,Philadelphia Eagles,,New York Giants,40,17,391,2,356,3
8,Sun,November 1,boxscore,San Diego Chargers,,Oakland Raiders,24,16,346,2,180,1
8,Mon,November 2,boxscore,New Orleans Saints,,Atlanta Falcons,35,27,437,4,442,3
Week,Day,Date,,Winner/tie,,Loser/tie,PtsW,PtsL,YdsW,TOW,YdsL,TOL
9,Sun,November 8,boxscore,Tennessee Titans,@,San Francisco 49ers,34,27,315,0,358,4
9,Sun,November 8,boxscore,Cincinnati Bengals,,Baltimore Ravens,17,7,369,1,215,2
9,Sun,November 8,boxscore,Atlanta Falcons,,Washington Redskins,31,17,306,1,312,1
9,Sun,November 8,boxscore,New England Patriots,,Miami Dolphins,27,17,432,1,334,0
9,Sun,November 8,boxscore,Jacksonville Jaguars,,Kansas City Chiefs,24,21,426,1,301,0
9,Sun,November 8,boxscore,Indianapolis Colts,,Houston Texans,20,17,378,2,382,3
9,Sun,November 8,boxscore,New Orleans Saints,,Carolina Panthers,30,20,414,2,371,3
9,Sun,November 8,boxscore,Arizona Cardinals,@,Chicago Bears,41,21,438,1,417,1
9,Sun,November 8,boxscore,Dallas Cowboys,@,Philadelphia Eagles,20,16,358,1,297,2
9,Sun,November 8,boxscore,Seattle Seahawks,,Detroit Lions,32,20,397,2,300,5
9,Sun,November 8,boxscore,Tampa Bay Buccaneers,,Green Bay Packers,38,28,279,1,404,3
9,Sun,November 8,boxscore,San Diego Chargers,@,New York Giants,21,20,226,2,304,1
9,Mon,November 9,boxscore,Pittsburgh Steelers,@,Denver Broncos,28,10,375,2,242,3
Week,Day,Date,,Winner/tie,,Loser/tie,PtsW,PtsL,YdsW,TOW,YdsL,TOL
10,Thu,November 12,boxscore,San Francisco 49ers,,Chicago Bears,10,6,216,1,350,5
10,Sun,November 15,boxscore,New Orleans Saints,@,St. Louis Rams,28,23,420,3,434,1
10,Sun,November 15,boxscore,Indianapolis Colts,,New England Patriots,35,34,407,2,477,2
10,Sun,November 15,boxscore,San Diego Chargers,,Philadelphia Eagles,31,23,331,0,462,1
10,Sun,November 15,boxscore,Arizona Cardinals,,Seattle Seahawks,31,20,462,0,472,2
10,Sun,November 15,boxscore,Miami Dolphins,,Tampa Bay Buccaneers,25,23,374,2,301,2
10,Sun,November 15,boxscore,Kansas City Chiefs,@,Oakland Raiders,16,10,318,3,272,2
10,Sun,November 15,boxscore,Jacksonville Jaguars,@,New York Jets,24,22,347,1,322,3
10,Sun,November 15,boxscore,Carolina Panthers,,Atlanta Falcons,28,19,380,0,400,2
10,Sun,November 15,boxscore,Tennessee Titans,,Buffalo Bills,41,17,378,1,296,2
10,Sun,November 15,boxscore,Cincinnati Bengals,@,Pittsburgh Steelers,18,12,218,0,226,1
10,Sun,November 15,boxscore,Green Bay Packers,,Dallas Cowboys,17,7,283,0,278,3
10,Sun,November 15,boxscore,Washington Redskins,,Denver Broncos,27,17,388,0,305,2
10,Sun,November 15,boxscore,Minnesota Vikings,,Detroit Lions,27,10,492,2,297,1
10,Mon,November 16,boxscore,Baltimore Ravens,@,Cleveland Browns,16,0,274,0,160,2
Week,Day,Date,,Winner/tie,,Loser/tie,PtsW,PtsL,YdsW,TOW,YdsL,TOL
11,Thu,November 19,boxscore,Miami Dolphins,@,Carolina Panthers,24,17,326,0,383,1
11,Sun,November 22,boxscore,Philadelphia Eagles,@,Chicago Bears,24,20,377,3,284,1
11,Sun,November 22,boxscore,Kansas City Chiefs,,Pittsburgh Steelers,27,24,282,1,516,3
11,Sun,November 22,boxscore,San Diego Chargers,@,Denver Broncos,32,3,348,0,271,3
11,Sun,November 22,boxscore,Minnesota Vikings,,Seattle Seahawks,35,9,431,0,212,2
11,Sun,November 22,boxscore,Green Bay Packers,,San Francisco 49ers,30,24,484,0,284,1
11,Sun,November 22,boxscore,Dallas Cowboys,,Washington Redskins,7,6,305,2,324,1
11,Sun,November 22,boxscore,New England Patriots,,New York Jets,31,14,410,1,226,5
11,Sun,November 22,boxscore,New Orleans Saints,@,Tampa Bay Buccaneers,38,7,370,0,219,4
11,Sun,November 22,boxscore,New York Giants,,Atlanta Falcons,34,31,456,1,352,1
11,Sun,November 22,boxscore,Jacksonville Jaguars,,Buffalo Bills,18,15,310,2,343,3
11,Sun,November 22,boxscore,Oakland Raiders,,Cincinnati Bengals,20,17,275,3,348,4
11,Sun,November 22,boxscore,Detroit Lions,,Cleveland Browns,38,37,473,2,439,0
11,Sun,November 22,boxscore,Indianapolis Colts,@,Baltimore Ravens,17,15,375,3,354,2
11,Sun,November 22,boxscore,Arizona Cardinals,@,St. Louis Rams,21,13,444,2,314,1
11,Mon,November 23,boxscore,Tennessee Titans,@,Houston Texans,20,17,344,1,340,0
Week,Day,Date,,Winner/tie,,Loser/tie,PtsW,PtsL,YdsW,TOW,YdsL,TOL
12,Thu,November 26,boxscore,Denver Broncos,,New York Giants,26,6,373,1,267,3
12,Thu,November 26,boxscore,Green Bay Packers,@,Detroit Lions,34,12,422,2,272,5
12,Thu,November 26,boxscore,Dallas Cowboys,,Oakland Raiders,24,7,494,0,305,1
12,Sun,November 29,boxscore,Baltimore Ravens,,Pittsburgh Steelers,20,17,393,2,298,1
12,Sun,November 29,boxscore,Seattle Seahawks,@,St. Louis Rams,27,17,265,1,364,2
12,Sun,November 29,boxscore,Atlanta Falcons,,Tampa Bay Buccaneers,20,17,297,1,318,1
12,Sun,November 29,boxscore,Philadelphia Eagles,,Washington Redskins,27,24,381,1,303,2
12,Sun,November 29,boxscore,Buffalo Bills,,Miami Dolphins,31,14,336,1,325,4
12,Sun,November 29,boxscore,San Diego Chargers,,Kansas City Chiefs,43,14,426,1,284,4
12,Sun,November 29,boxscore,San Francisco 49ers,,Jacksonville Jaguars,20,3,284,0,357,2
12,Sun,November 29,boxscore,Tennessee Titans,,Arizona Cardinals,20,17,532,1,292,0
12,Sun,November 29,boxscore,Indianapolis Colts,@,Houston Texans,35,27,342,2,396,3
12,Sun,November 29,boxscore,Cincinnati Bengals,,Cleveland Browns,16,7,306,0,169,0
12,Sun,November 29,boxscore,Minnesota Vikings,,Chicago Bears,36,10,537,1,169,3
12,Sun,November 29,boxscore,New York Jets,,Carolina Panthers,17,6,283,3,179,4
12,Mon,November 30,boxscore,New Orleans Saints,,New England Patriots,38,17,480,1,366,3
Week,Day,Date,,Winner/tie,,Loser/tie,PtsW,PtsL,YdsW,TOW,YdsL,TOL
13,Thu,December 3,boxscore,New York Jets,@,Buffalo Bills,19,13,331,0,194,2
13,Sun,December 6,boxscore,Seattle Seahawks,,San Francisco 49ers,20,17,292,1,356,2
13,Sun,December 6,boxscore,San Diego Chargers,@,Cleveland Browns,30,23,477,0,372,1
13,Sun,December 6,boxscore,Chicago Bears,,St. Louis Rams,17,9,248,1,233,2
13,Sun,December 6,boxscore,Oakland Raiders,@,Pittsburgh Steelers,27,24,396,0,401,1
13,Sun,December 6,boxscore,Philadelphia Eagles,@,Atlanta Falcons,34,7,380,0,295,3
13,Sun,December 6,boxscore,Indianapolis Colts,,Tennessee Titans,27,17,358,0,375,2
13,Sun,December 6,boxscore,Carolina Panthers,,Tampa Bay Buccaneers,16,6,309,2,469,5
13,Sun,December 6,boxscore,Miami Dolphins,,New England Patriots,22,21,416,1,448,2
13,Sun,December 6,boxscore,New York Giants,,Dallas Cowboys,31,24,337,2,424,1
13,Sun,December 6,boxscore,Denver Broncos,@,Kansas City Chiefs,44,13,413,3,222,3
13,Sun,December 6,boxscore,Cincinnati Bengals,,Detroit Lions,23,13,321,3,245,2
13,Sun,December 6,boxscore,Jacksonville Jaguars,,Houston Texans,23,18,323,1,305,3
13,Sun,December 6,boxscore,Arizona Cardinals,,Minnesota Vikings,30,17,398,1,315,2
13,Sun,December 6,boxscore,New Orleans Saints,@,Washington Redskins,33,30,463,1,455,4
13,Mon,December 7,boxscore,Green Bay Packers,,Baltimore Ravens,27,14,350,3,185,4
Week,Day,Date,,Winner/tie,,Loser/tie,PtsW,PtsL,YdsW,TOW,YdsL,TOL
14,Thu,December 10,boxscore,Cleveland Browns,,Pittsburgh Steelers,13,6,255,0,218,0
14,Sun,December 13,boxscore,New York Jets,@,Tampa Bay Buccaneers,26,3,310,1,124,3
14,Sun,December 13,boxscore,Philadelphia Eagles,@,New York Giants,45,38,374,1,512,4
14,Sun,December 13,boxscore,Tennessee Titans,,St. Louis Rams,47,7,446,1,240,5
14,Sun,December 13,boxscore,San Diego Chargers,@,Dallas Cowboys,20,17,341,1,347,0
14,Sun,December 13,boxscore,Houston Texans,,Seattle Seahawks,34,7,450,2,282,1
14,Sun,December 13,boxscore,Washington Redskins,@,Oakland Raiders,34,13,295,1,227,1
14,Sun,December 13,boxscore,New Orleans Saints,@,Atlanta Falcons,26,23,391,0,392,1
14,Sun,December 13,boxscore,Miami Dolphins,@,Jacksonville Jaguars,14,10,354,3,217,0
14,Sun,December 13,boxscore,Buffalo Bills,@,Kansas City Chiefs,16,10,273,3,354,4
14,Sun,December 13,boxscore,New England Patriots,,Carolina Panthers,20,10,377,3,305,0
14,Sun,December 13,boxscore,Minnesota Vikings,,Cincinnati Bengals,30,10,322,1,210,1
14,Sun,December 13,boxscore,Indianapolis Colts,,Denver Broncos,28,16,312,3,357,1
14,Sun,December 13,boxscore,Baltimore Ravens,,Detroit Lions,48,3,548,1,229,2
14,Sun,December 13,boxscore,Green Bay Packers,@,Chicago Bears,21,14,315,2,254,2
14,Mon,December 14,boxscore,San Francisco 49ers,,Arizona Cardinals,24,9,327,2,245,7
Week,Day,Date,,Winner/tie,,Loser/tie,PtsW,PtsL,YdsW,TOW,YdsL,TOL
15,Thu,December 17,boxscore,Indianapolis Colts,@,Jacksonville Jaguars,35,31,369,1,345,1
15,Sat,December 19,boxscore,Dallas Cowboys,@,New Orleans Saints,24,17,439,0,336,3
15,Sun,December 20,boxscore,Carolina Panthers,,Minnesota Vikings,26,7,397,0,237,2
15,Sun,December 20,boxscore,New England Patriots,@,Buffalo Bills,17,10,224,1,241,1
15,Sun,December 20,boxscore,Oakland Raiders,@,Denver Broncos,20,19,343,2,337,0
15,Sun,December 20,boxscore,Philadelphia Eagles,,San Francisco 49ers,27,13,422,2,261,4
15,Sun,December 20,boxscore,Tampa Bay Buccaneers,@,Seattle Seahawks,24,7,339,1,380,5
15,Sun,December 20,boxscore,Tennessee Titans,,Miami Dolphins,27,24,364,2,468,4
15,Sun,December 20,boxscore,Houston Texans,@,St. Louis Rams,16,13,419,2,237,2
15,Sun,December 20,boxscore,Pittsburgh Steelers,,Green Bay Packers,37,36,537,0,436,0
15,Sun,December 20,boxscore,Atlanta Falcons,@,New York Jets,10,7,238,0,314,3
15,Sun,December 20,boxscore,Baltimore Ravens,,Chicago Bears,31,7,346,1,220,6
15,Sun,December 20,boxscore,San Diego Chargers,,Cincinnati Bengals,27,24,366,2,407,1
15,Sun,December 20,boxscore,Cleveland Browns,@,Kansas City Chiefs,41,34,417,3,491,1
15,Sun,December 20,boxscore,Arizona Cardinals,@,Detroit Lions,31,24,340,3,282,3
15,Mon,December 21,boxscore,New York Giants,@,Washington Redskins,45,12,387,0,302,3
Week,Day,Date,,Winner/tie,,Loser/tie,PtsW,PtsL,YdsW,TOW,YdsL,TOL
16,Fri,December 25,boxscore,San Diego Chargers,@,Tennessee Titans,42,17,425,1,270,3
16,Sun,December 27,boxscore,Cleveland Browns,,Oakland Raiders,23,9,282,1,389,3
16,Sun,December 27,boxscore,Arizona Cardinals,,St. Louis Rams,31,10,407,1,238,4
16,Sun,December 27,boxscore,Pittsburgh Steelers,,Baltimore Ravens,23,20,286,2,323,3
16,Sun,December 27,boxscore,Green Bay Packers,,Seattle Seahawks,48,10,417,0,291,4
16,Sun,December 27,boxscore,Tampa Bay Buccaneers,@,New Orleans Saints,20,17,439,2,373,1
16,Sun,December 27,boxscore,New York Jets,@,Indianapolis Colts,29,15,293,0,286,2
16,Sun,December 27,boxscore,Cincinnati Bengals,,Kansas City Chiefs,17,10,274,1,295,2
16,Sun,December 27,boxscore,Dallas Cowboys,@,Washington Redskins,17,0,393,1,208,1
16,Sun,December 27,boxscore,New England Patriots,,Jacksonville Jaguars,35,7,464,1,275,2
16,Sun,December 27,boxscore,Houston Texans,@,Miami Dolphins,27,20,406,1,363,1
16,Sun,December 27,boxscore,San Francisco 49ers,,Detroit Lions,20,6,310,1,289,6
16,Sun,December 27,boxscore,Philadelphia Eagles,,Denver Broncos,30,27,394,3,241,1
16,Sun,December 27,boxscore,Atlanta Falcons,,Buffalo Bills,31,3,391,0,178,3
16,Sun,December 27,boxscore,Carolina Panthers,@,New York Giants,41,9,416,0,317,4
16,Mon,December 28,boxscore,Chicago Bears,,Minnesota Vikings,36,30,363,1,423,2
Week,Day,Date,,Winner/tie,,Loser/tie,PtsW,PtsL,YdsW,TOW,YdsL,TOL
17,Sun,January 3,boxscore,Minnesota Vikings,,New York Giants,44,7,487,0,181,2
17,Sun,January 3,boxscore,Tennessee Titans,@,Seattle Seahawks,17,13,304,2,309,1
17,Sun,January 3,boxscore,Dallas Cowboys,,Philadelphia Eagles,24,0,474,1,228,1
17,Sun,January 3,boxscore,Pittsburgh Steelers,@,Miami Dolphins,30,24,403,2,303,3
17,Sun,January 3,boxscore,Baltimore Ravens,@,Oakland Raiders,21,13,330,0,325,2
17,Sun,January 3,boxscore,San Francisco 49ers,@,St. Louis Rams,28,6,329,0,109,0
17,Sun,January 3,boxscore,San Diego Chargers,,Washington Redskins,23,20,364,1,341,0
17,Sun,January 3,boxscore,Houston Texans,,New England Patriots,34,27,439,1,317,2
17,Sun,January 3,boxscore,Carolina Panthers,,New Orleans Saints,23,10,327,0,213,3
17,Sun,January 3,boxscore,Kansas City Chiefs,@,Denver Broncos,44,24,524,2,512,3
17,Sun,January 3,boxscore,Cleveland Browns,,Jacksonville Jaguars,23,17,300,1,328,1
17,Sun,January 3,boxscore,Green Bay Packers,@,Arizona Cardinals,33,7,345,1,187,3
17,Sun,January 3,boxscore,Buffalo Bills,,Indianapolis Colts,30,7,403,0,157,3
17,Sun,January 3,boxscore,New York Jets,,Cincinnati Bengals,37,0,320,0,72,3
17,Sun,January 3,boxscore,Chicago Bears,@,Detroit Lions,37,23,418,0,349,2
17,Sun,January 3,boxscore,Atlanta Falcons,@,Tampa Bay Buccaneers,20,10,397,3,206,2
,,Playoffs,,,,,,,,,,
WildCard,Sat,January 9,boxscore,Dallas Cowboys,,Philadelphia Eagles,34,14,426,1,340,4
WildCard,Sat,January 9,boxscore,New York Jets,@,Cincinnati Bengals,24,14,353,0,281,2
WildCard,Sun,January 10,boxscore,Arizona Cardinals,,Green Bay Packers,51,45,531,1,493,3
WildCard,Sun,January 10,boxscore,Baltimore Ravens,@,New England Patriots,33,14,268,2,196,4
Division,Sat,January 16,boxscore,Indianapolis Colts,,Baltimore Ravens,20,3,275,1,270,4
Division,Sat,January 16,boxscore,New Orleans Saints,,Arizona Cardinals,45,14,418,0,359,2
Division,Sun,January 17,boxscore,Minnesota Vikings,,Dallas Cowboys,34,3,323,0,248,3
Division,Sun,January 17,boxscore,New York Jets,@,San Diego Chargers,17,14,262,1,344,2
ConfChamp,Sun,January 24,boxscore,New Orleans Saints,,Minnesota Vikings,31,28,257,1,475,5
ConfChamp,Sun,January 24,boxscore,Indianapolis Colts,,New York Jets,30,17,461,1,388,1
SuperBowl,Sun,February 7,boxscore,New Orleans Saints,N,Indianapolis Colts,31,17,332,0,432,1Week,Day,Date,,Winner/tie,,Loser/tie,PtsW,PtsL,YdsW,TOW,YdsL,TOL
1,Thu,September 9,boxscore,New Orleans Saints,,Minnesota Vikings,14,9,308,0,253,1
1,Sun,September 12,boxscore,Pittsburgh Steelers,,Atlanta Falcons,15,9,354,1,295,1
1,Sun,September 12,boxscore,Seattle Seahawks,,San Francisco 49ers,31,6,242,1,263,2
1,Sun,September 12,boxscore,Tennessee Titans,,Oakland Raiders,38,13,345,1,286,2
1,Sun,September 12,boxscore,Miami Dolphins,@,Buffalo Bills,15,10,296,0,166,0
1,Sun,September 12,boxscore,Green Bay Packers,@,Philadelphia Eagles,27,20,299,2,320,1
1,Sun,September 12,boxscore,Chicago Bears,,Detroit Lions,19,14,463,4,168,3
1,Sun,September 12,boxscore,Jacksonville Jaguars,,Denver Broncos,24,17,299,0,363,2
1,Sun,September 12,boxscore,Washington Redskins,,Dallas Cowboys,13,7,250,0,380,1
1,Sun,September 12,boxscore,Arizona Cardinals,@,St. Louis Rams,17,13,378,4,325,4
1,Sun,September 12,boxscore,Houston Texans,,Indianapolis Colts,34,24,355,1,463,1
1,Sun,September 12,boxscore,Tampa Bay Buccaneers,,Cleveland Browns,17,14,288,2,340,3
1,Sun,September 12,boxscore,New England Patriots,,Cincinnati Bengals,38,24,376,0,428,2
1,Sun,September 12,boxscore,New York Giants,,Carolina Panthers,31,18,376,4,237,5
1,Mon,September 13,boxscore,Kansas City Chiefs,,San Diego Chargers,21,14,197,0,389,1
1,Mon,September 13,boxscore,Baltimore Ravens,@,New York Jets,10,9,282,3,176,1
Week,Day,Date,,Winner/tie,,Loser/tie,PtsW,PtsL,YdsW,TOW,YdsL,TOL
2,Sun,September 19,boxscore,Indianapolis Colts,,New York Giants,38,14,410,1,257,3
2,Sun,September 19,boxscore,Philadelphia Eagles,@,Detroit Lions,35,32,410,0,444,2
2,Sun,September 19,boxscore,Pittsburgh Steelers,@,Tennessee Titans,19,11,127,1,238,7
2,Sun,September 19,boxscore,Oakland Raiders,,St. Louis Rams,16,14,404,2,210,1
2,Sun,September 19,boxscore,Cincinnati Bengals,,Baltimore Ravens,15,10,253,0,259,4
2,Sun,September 19,boxscore,Denver Broncos,,Seattle Seahawks,31,14,369,0,339,4
2,Sun,September 19,boxscore,Tampa Bay Buccaneers,@,Carolina Panthers,20,7,273,0,278,3
2,Sun,September 19,boxscore,New York Jets,,New England Patriots,28,14,336,0,291,3
2,Sun,September 19,boxscore,Atlanta Falcons,,Arizona Cardinals,41,7,444,1,267,3
2,Sun,September 19,boxscore,Miami Dolphins,@,Minnesota Vikings,14,10,226,2,364,4
2,Sun,September 19,boxscore,Kansas City Chiefs,@,Cleveland Browns,16,14,312,2,299,2
2,Sun,September 19,boxscore,San Diego Chargers,,Jacksonville Jaguars,38,13,477,3,350,6
2,Sun,September 19,boxscore,Houston Texans,@,Washington Redskins,30,27,526,1,421,0
2,Sun,September 19,boxscore,Green Bay Packers,,Buffalo Bills,34,7,346,0,186,2
2,Sun,September 19,boxscore,Chicago Bears,@,Dallas Cowboys,27,20,308,0,410,3
2,Mon,September 20,boxscore,New Orleans Saints,@,San Francisco 49ers,25,22,287,0,417,4
Week,Day,Date,,Winner/tie,,Loser/tie,PtsW,PtsL,YdsW,TOW,YdsL,TOL
3,Sun,September 26,boxscore,Tennessee Titans,@,New York Giants,29,10,271,0,471,3
3,Sun,September 26,boxscore,Philadelphia Eagles,@,Jacksonville Jaguars,28,3,373,0,191,1
3,Sun,September 26,boxscore,Pittsburgh Steelers,@,Tampa Bay Buccaneers,38,13,387,2,303,2
3,Sun,September 26,boxscore,Arizona Cardinals,,Oakland Raiders,24,23,227,3,364,1
3,Sun,September 26,boxscore,Seattle Seahawks,,San Diego Chargers,27,20,271,2,518,5
3,Sun,September 26,boxscore,Kansas City Chiefs,,San Francisco 49ers,31,10,457,1,251,1
3,Sun,September 26,boxscore,St. Louis Rams,,Washington Redskins,30,16,365,2,349,2
3,Sun,September 26,boxscore,New York Jets,@,Miami Dolphins,31,23,402,0,436,1
3,Sun,September 26,boxscore,Atlanta Falcons,@,New Orleans Saints,27,24,417,1,398,3
3,Sun,September 26,boxscore,Minnesota Vikings,,Detroit Lions,24,10,368,3,295,3
3,Sun,September 26,boxscore,Dallas Cowboys,@,Houston Texans,27,13,385,0,340,3
3,Sun,September 26,boxscore,Indianapolis Colts,@,Denver Broncos,27,13,365,0,519,2
3,Sun,September 26,boxscore,Baltimore Ravens,,Cleveland Browns,24,17,365,0,304,0
3,Sun,September 26,boxscore,Cincinnati Bengals,@,Carolina Panthers,20,7,305,2,267,4
3,Sun,September 26,boxscore,New England Patriots,,Buffalo Bills,38,30,445,1,374,2
3,Mon,September 27,boxscore,Chicago Bears,,Green Bay Packers,20,17,276,1,379,2
Week,Day,Date,,Winner/tie,,Loser/tie,PtsW,PtsL,YdsW,TOW,YdsL,TOL
4,Sun,October 3,boxscore,Washington Redskins,@,Philadelphia Eagles,17,12,293,1,353,2
4,Sun,October 3,boxscore,Atlanta Falcons,,San Francisco 49ers,16,14,357,2,262,3
4,Sun,October 3,boxscore,St. Louis Rams,,Seattle Seahawks,20,3,349,1,257,2
4,Sun,October 3,boxscore,Baltimore Ravens,@,Pittsburgh Steelers,17,14,320,2,210,1
4,Sun,October 3,boxscore,New York Jets,@,Buffalo Bills,38,14,444,0,223,2
4,Sun,October 3,boxscore,Houston Texans,@,Oakland Raiders,31,24,441,0,363,3
4,Sun,October 3,boxscore,Green Bay Packers,,Detroit Lions,28,26,261,4,431,3
4,Sun,October 3,boxscore,Denver Broncos,@,Tennessee Titans,26,20,327,1,288,2
4,Sun,October 3,boxscore,New Orleans Saints,,Carolina Panthers,16,14,383,2,251,1
4,Sun,October 3,boxscore,New York Giants,,Chicago Bears,17,3,372,3,110,3
4,Sun,October 3,boxscore,Cleveland Browns,,Cincinnati Bengals,23,20,295,1,413,2
4,Sun,October 3,boxscore,Jacksonville Jaguars,,Indianapolis Colts,31,28,337,0,406,2
4,Sun,October 3,boxscore,San Diego Chargers,,Arizona Cardinals,41,10,419,1,134,3
4,Mon,October 4,boxscore,New England Patriots,@,Miami Dolphins,41,14,265,0,400,4
Week,Day,Date,,Winner/tie,,Loser/tie,PtsW,PtsL,YdsW,TOW,YdsL,TOL
5,Sun,October 10,boxscore,Tennessee Titans,@,Dallas Cowboys,34,27,321,0,511,3
5,Sun,October 10,boxscore,Arizona Cardinals,,New Orleans Saints,30,20,194,1,358,4
5,Sun,October 10,boxscore,New York Giants,@,Houston Texans,34,10,414,2,195,2
5,Sun,October 10,boxscore,Philadelphia Eagles,@,San Francisco 49ers,27,24,352,1,364,5
5,Sun,October 10,boxscore,Detroit Lions,,St. Louis Rams,44,6,322,0,341,3
5,Sun,October 10,boxscore,Oakland Raiders,,San Diego Chargers,35,27,279,0,506,3
5,Sun,October 10,boxscore,Tampa Bay Buccaneers,@,Cincinnati Bengals,24,21,391,3,358,4
5,Sun,October 10,boxscore,Indianapolis Colts,,Kansas City Chiefs,19,9,341,1,261,1
5,Sun,October 10,boxscore,Jacksonville Jaguars,@,Buffalo Bills,36,26,381,3,306,0
5,Sun,October 10,boxscore,Washington Redskins,,Green Bay Packers,16,13,373,1,427,2
5,Sun,October 10,boxscore,Baltimore Ravens,,Denver Broncos,31,17,415,0,346,1
5,Sun,October 10,boxscore,Chicago Bears,@,Carolina Panthers,23,6,247,4,147,3
5,Sun,October 10,boxscore,Atlanta Falcons,@,Cleveland Browns,20,10,338,1,269,3
5,Mon,October 11,boxscore,New York Jets,,Minnesota Vikings,29,20,328,0,336,3
Week,Day,Date,,Winner/tie,,Loser/tie,PtsW,PtsL,YdsW,TOW,YdsL,TOL
6,Sun,October 17,boxscore,New England Patriots,,Baltimore Ravens,23,20,394,2,377,0
6,Sun,October 17,boxscore,Minnesota Vikings,,Dallas Cowboys,24,21,188,1,314,2
6,Sun,October 17,boxscore,Seattle Seahawks,@,Chicago Bears,23,20,353,0,307,0
6,Sun,October 17,boxscore,St. Louis Rams,,San Diego Chargers,20,17,300,0,287,1
6,Sun,October 17,boxscore,San Francisco 49ers,,Oakland Raiders,17,9,349,0,179,2
6,Sun,October 17,boxscore,New York Jets,@,Denver Broncos,24,20,319,3,346,2
6,Sun,October 17,boxscore,New Orleans Saints,@,Tampa Bay Buccaneers,31,6,475,1,277,1
6,Sun,October 17,boxscore,Miami Dolphins,@,Green Bay Packers,23,20,381,1,359,1
6,Sun,October 17,boxscore,Houston Texans,,Kansas City Chiefs,35,31,421,0,417,0
6,Sun,October 17,boxscore,New York Giants,,Detroit Lions,28,20,334,1,366,3
6,Sun,October 17,boxscore,Philadelphia Eagles,,Atlanta Falcons,31,17,474,1,293,2
6,Sun,October 17,boxscore,Pittsburgh Steelers,,Cleveland Browns,28,10,378,1,327,3
6,Sun,October 17,boxscore,Indianapolis Colts,@,Washington Redskins,27,24,469,3,335,2
6,Mon,October 18,boxscore,Tennessee Titans,@,Jacksonville Jaguars,30,3,324,0,249,4
Week,Day,Date,,Winner/tie,,Loser/tie,PtsW,PtsL,YdsW,TOW,YdsL,TOL
7,Sun,October 24,boxscore,Seattle Seahawks,,Arizona Cardinals,22,10,302,1,227,5
7,Sun,October 24,boxscore,Pittsburgh Steelers,@,Miami Dolphins,23,22,348,2,313,2
7,Sun,October 24,boxscore,New England Patriots,@,San Diego Chargers,23,20,179,0,363,4
7,Sun,October 24,boxscore,Baltimore Ravens,,Buffalo Bills,37,34,364,2,514,4
7,Sun,October 24,boxscore,Carolina Panthers,,San Francisco 49ers,23,20,379,3,282,1
7,Sun,October 24,boxscore,Tampa Bay Buccaneers,,St. Louis Rams,18,17,313,0,285,1
7,Sun,October 24,boxscore,Oakland Raiders,@,Denver Broncos,59,14,508,0,240,3
7,Sun,October 24,boxscore,Green Bay Packers,,Minnesota Vikings,28,24,379,2,402,3
7,Sun,October 24,boxscore,Kansas City Chiefs,,Jacksonville Jaguars,42,20,426,0,300,3
7,Sun,October 24,boxscore,Cleveland Browns,@,New Orleans Saints,30,17,210,0,394,4
7,Sun,October 24,boxscore,Atlanta Falcons,,Cincinnati Bengals,39,32,452,2,469,1
7,Sun,October 24,boxscore,Washington Redskins,@,Chicago Bears,17,14,308,3,322,6
7,Sun,October 24,boxscore,Tennessee Titans,,Philadelphia Eagles,37,19,328,3,326,4
7,Mon,October 25,boxscore,New York Giants,@,Dallas Cowboys,41,35,497,5,254,2
Week,Day,Date,,Winner/tie,,Loser/tie,PtsW,PtsL,YdsW,TOW,YdsL,TOL
8,Sun,October 31,boxscore,Tampa Bay Buccaneers,@,Arizona Cardinals,38,35,407,2,396,4
8,Sun,October 31,boxscore,Detroit Lions,,Washington Redskins,37,25,304,2,275,2
8,Sun,October 31,boxscore,New England Patriots,,Minnesota Vikings,28,18,362,0,410,1
8,Sun,October 31,boxscore,Miami Dolphins,@,Cincinnati Bengals,22,14,354,2,262,1
8,Sun,October 31,boxscore,Jacksonville Jaguars,@,Dallas Cowboys,35,17,387,1,415,4
8,Sun,October 31,boxscore,St. Louis Rams,,Carolina Panthers,20,10,246,0,201,4
8,Sun,October 31,boxscore,Kansas City Chiefs,,Buffalo Bills,13,10,414,0,328,1
8,Sun,October 31,boxscore,San Diego Chargers,,Tennessee Titans,33,25,456,1,370,0
8,Sun,October 31,boxscore,Green Bay Packers,@,New York Jets,9,0,237,0,360,3
8,Sun,October 31,boxscore,San Francisco 49ers,,Denver Broncos,24,16,339,0,398,2
8,Sun,October 31,boxscore,New Orleans Saints,,Pittsburgh Steelers,20,10,318,2,279,2
8,Sun,October 31,boxscore,Oakland Raiders,,Seattle Seahawks,33,3,545,0,164,1
8,Mon,November 1,boxscore,Indianapolis Colts,,Houston Texans,30,17,366,0,291,2
Week,Day,Date,,Winner/tie,,Loser/tie,PtsW,PtsL,YdsW,TOW,YdsL,TOL
9,Sun,November 7,boxscore,San Diego Chargers,@,Houston Texans,29,23,367,2,392,1
9,Sun,November 7,boxscore,Atlanta Falcons,,Tampa Bay Buccaneers,27,21,365,0,278,2
9,Sun,November 7,boxscore,New York Jets,@,Detroit Lions,23,20,437,2,306,0
9,Sun,November 7,boxscore,New York Giants,@,Seattle Seahawks,41,7,487,1,162,3
9,Sun,November 7,boxscore,Cleveland Browns,,New England Patriots,34,14,404,1,283,3
9,Sun,November 7,boxscore,New Orleans Saints,@,Carolina Panthers,34,3,408,1,195,2
9,Sun,November 7,boxscore,Chicago Bears,@,Buffalo Bills,22,19,283,1,340,3
9,Sun,November 7,boxscore,Philadelphia Eagles,,Indianapolis Colts,26,24,402,0,338,2
9,Sun,November 7,boxscore,Minnesota Vikings,,Arizona Cardinals,27,24,507,3,225,1
9,Sun,November 7,boxscore,Green Bay Packers,,Dallas Cowboys,45,7,415,0,205,4
9,Sun,November 7,boxscore,Oakland Raiders,,Kansas City Chiefs,23,20,321,3,304,2
9,Sun,November 7,boxscore,Baltimore Ravens,,Miami Dolphins,26,10,402,0,289,3
9,Mon,November 8,boxscore,Pittsburgh Steelers,@,Cincinnati Bengals,27,21,314,2,272,2
Week,Day,Date,,Winner/tie,,Loser/tie,PtsW,PtsL,YdsW,TOW,YdsL,TOL
10,Thu,November 11,boxscore,Atlanta Falcons,,Baltimore Ravens,26,21,362,0,320,2
10,Sun,November 14,boxscore,Seattle Seahawks,@,Arizona Cardinals,36,18,490,1,327,2
10,Sun,November 14,boxscore,San Francisco 49ers,,St. Louis Rams,23,20,421,0,332,0
10,Sun,November 14,boxscore,Miami Dolphins,,Tennessee Titans,29,17,404,1,259,3
10,Sun,November 14,boxscore,New York Jets,@,Cleveland Browns,26,20,456,1,303,2
10,Sun,November 14,boxscore,New England Patriots,@,Pittsburgh Steelers,39,26,453,0,425,1
10,Sun,November 14,boxscore,Chicago Bears,,Minnesota Vikings,27,13,360,2,240,4
10,Sun,November 14,boxscore,Denver Broncos,,Kansas City Chiefs,49,29,452,0,484,1
10,Sun,November 14,boxscore,Tampa Bay Buccaneers,,Carolina Panthers,31,16,421,2,300,1
10,Sun,November 14,boxscore,Indianapolis Colts,,Cincinnati Bengals,23,17,256,0,341,5
10,Sun,November 14,boxscore,Dallas Cowboys,@,New York Giants,33,20,427,1,480,3
10,Sun,November 14,boxscore,Buffalo Bills,,Detroit Lions,14,12,288,1,390,1
10,Sun,November 14,boxscore,Jacksonville Jaguars,,Houston Texans,31,24,491,0,395,1
10,Mon,November 15,boxscore,Philadelphia Eagles,@,Washington Redskins,59,28,592,0,375,3
Week,Day,Date,,Winner/tie,,Loser/tie,PtsW,PtsL,YdsW,TOW,YdsL,TOL
11,Thu,November 18,boxscore,Chicago Bears,@,Miami Dolphins,16,0,268,1,187,1
11,Sun,November 21,boxscore,Philadelphia Eagles,,New York Giants,27,17,392,2,208,5
11,Sun,November 21,boxscore,Pittsburgh Steelers,,Oakland Raiders,35,3,431,1,182,3
11,Sun,November 21,boxscore,Baltimore Ravens,@,Carolina Panthers,37,13,378,2,270,2
11,Sun,November 21,boxscore,New Orleans Saints,,Seattle Seahawks,34,19,494,2,424,2
11,Sun,November 21,boxscore,Tampa Bay Buccaneers,@,San Francisco 49ers,21,0,299,0,189,2
11,Sun,November 21,boxscore,Washington Redskins,@,Tennessee Titans,19,16,465,1,373,2
11,Sun,November 21,boxscore,New York Jets,,Houston Texans,30,27,401,2,343,1
11,Sun,November 21,boxscore,Green Bay Packers,@,Minnesota Vikings,31,3,374,0,300,2
11,Sun,November 21,boxscore,Dallas Cowboys,,Detroit Lions,35,19,265,1,338,2
11,Sun,November 21,boxscore,Kansas City Chiefs,,Arizona Cardinals,31,13,352,0,382,0
11,Sun,November 21,boxscore,New England Patriots,,Indianapolis Colts,31,28,346,0,467,3
11,Sun,November 21,boxscore,Jacksonville Jaguars,,Cleveland Browns,24,20,371,6,283,1
11,Sun,November 21,boxscore,Buffalo Bills,@,Cincinnati Bengals,49,31,449,2,361,3
11,Sun,November 21,boxscore,Atlanta Falcons,@,St. Louis Rams,34,17,391,0,304,1
11,Mon,November 22,boxscore,San Diego Chargers,,Denver Broncos,35,14,400,1,235,1
Week,Day,Date,,Winner/tie,,Loser/tie,PtsW,PtsL,YdsW,TOW,YdsL,TOL
12,Thu,November 25,boxscore,New England Patriots,@,Detroit Lions,45,24,447,0,406,2
12,Thu,November 25,boxscore,New Orleans Saints,@,Dallas Cowboys,30,27,414,2,457,3
12,Thu,November 25,boxscore,New York Jets,,Cincinnati Bengals,26,10,319,1,163,3
12,Sun,November 28,boxscore,Atlanta Falcons,,Green Bay Packers,20,17,294,0,418,1
12,Sun,November 28,boxscore,Baltimore Ravens,,Tampa Bay Buccaneers,17,10,349,1,263,0
12,Sun,November 28,boxscore,San Diego Chargers,@,Indianapolis Colts,36,14,301,0,303,5
12,Sun,November 28,boxscore,St. Louis Rams,@,Denver Broncos,36,33,431,0,449,2
12,Sun,November 28,boxscore,Pittsburgh Steelers,@,Buffalo Bills,19,16,426,1,329,2
12,Sun,November 28,boxscore,Chicago Bears,,Philadelphia Eagles,31,26,349,0,398,1
12,Sun,November 28,boxscore,Houston Texans,,Tennessee Titans,20,0,346,0,162,3
12,Sun,November 28,boxscore,Cleveland Browns,,Carolina Panthers,24,23,379,3,326,1
12,Sun,November 28,boxscore,Minnesota Vikings,@,Washington Redskins,17,13,299,0,216,1
12,Sun,November 28,boxscore,Miami Dolphins,@,Oakland Raiders,33,17,471,1,263,3
12,Sun,November 28,boxscore,Kansas City Chiefs,@,Seattle Seahawks,42,24,503,1,288,3
12,Sun,November 28,boxscore,New York Giants,,Jacksonville Jaguars,24,20,361,0,328,2
12,Mon,November 29,boxscore,San Francisco 49ers,@,Arizona Cardinals,27,6,386,1,203,2
Week,Day,Date,,Winner/tie,,Loser/tie,PtsW,PtsL,YdsW,TOW,YdsL,TOL
13,Thu,December 2,boxscore,Philadelphia Eagles,,Houston Texans,34,24,416,1,431,2
13,Sun,December 5,boxscore,New York Giants,,Washington Redskins,31,7,358,1,338,6
13,Sun,December 5,boxscore,St. Louis Rams,@,Arizona Cardinals,19,6,288,1,224,2
13,Sun,December 5,boxscore,Oakland Raiders,@,San Diego Chargers,28,13,368,1,286,2
13,Sun,December 5,boxscore,Pittsburgh Steelers,@,Baltimore Ravens,13,10,288,1,269,1
13,Sun,December 5,boxscore,New Orleans Saints,@,Cincinnati Bengals,34,30,436,1,311,0
13,Sun,December 5,boxscore,Jacksonville Jaguars,@,Tennessee Titans,17,6,377,0,220,2
13,Sun,December 5,boxscore,Green Bay Packers,,San Francisco 49ers,34,16,410,0,269,1
13,Sun,December 5,boxscore,Kansas City Chiefs,,Denver Broncos,10,6,359,1,247,1
13,Sun,December 5,boxscore,Atlanta Falcons,@,Tampa Bay Buccaneers,28,24,290,2,325,1
13,Sun,December 5,boxscore,Minnesota Vikings,,Buffalo Bills,38,14,387,4,239,5
13,Sun,December 5,boxscore,Seattle Seahawks,,Carolina Panthers,31,14,371,2,283,1
13,Sun,December 5,boxscore,Chicago Bears,@,Detroit Lions,24,20,311,1,302,0
13,Sun,December 5,boxscore,Cleveland Browns,@,Miami Dolphins,13,10,252,0,281,3
13,Sun,December 5,boxscore,Dallas Cowboys,@,Indianapolis Colts,38,35,368,0,405,4
13,Mon,December 6,boxscore,New England Patriots,,New York Jets,45,3,405,0,301,3
Week,Day,Date,,Winner/tie,,Loser/tie,PtsW,PtsL,YdsW,TOW,YdsL,TOL
14,Thu,December 9,boxscore,Indianapolis Colts,@,Tennessee Titans,30,28,399,0,365,2
14,Sun,December 12,boxscore,Philadelphia Eagles,@,Dallas Cowboys,30,27,429,2,349,2
14,Sun,December 12,boxscore,Jacksonville Jaguars,,Oakland Raiders,38,31,385,1,476,2
14,Sun,December 12,boxscore,New Orleans Saints,,St. Louis Rams,31,13,345,3,327,3
14,Sun,December 12,boxscore,San Francisco 49ers,,Seattle Seahawks,40,21,336,0,361,5
14,Sun,December 12,boxscore,Tampa Bay Buccaneers,@,Washington Redskins,17,16,365,2,399,1
14,Sun,December 12,boxscore,New England Patriots,@,Chicago Bears,36,7,475,0,185,4
14,Sun,December 12,boxscore,Miami Dolphins,@,New York Jets,10,6,131,3,280,2
14,Sun,December 12,boxscore,San Diego Chargers,,Kansas City Chiefs,31,0,426,2,67,0
14,Sun,December 12,boxscore,Atlanta Falcons,@,Carolina Panthers,31,10,327,1,288,2
14,Sun,December 12,boxscore,Pittsburgh Steelers,,Cincinnati Bengals,23,7,354,0,190,3
14,Sun,December 12,boxscore,Buffalo Bills,,Cleveland Browns,13,6,323,1,187,3
14,Sun,December 12,boxscore,Arizona Cardinals,,Denver Broncos,43,13,357,1,288,6
14,Sun,December 12,boxscore,Detroit Lions,,Green Bay Packers,7,3,286,2,258,3
14,Mon,December 13,boxscore,Baltimore Ravens,@,Houston Texans,34,28,253,0,489,2
14,Mon,December 13,boxscore,New York Giants,@,Minnesota Vikings,21,3,395,2,164,1
Week,Day,Date,,Winner/tie,,Loser/tie,PtsW,PtsL,YdsW,TOW,YdsL,TOL
15,Thu,December 16,boxscore,San Diego Chargers,,San Francisco 49ers,34,7,374,0,192,1
15,Sun,December 19,boxscore,Indianapolis Colts,,Jacksonville Jaguars,34,24,376,0,356,2
15,Sun,December 19,boxscore,Kansas City Chiefs,@,St. Louis Rams,27,13,383,1,224,2
15,Sun,December 19,boxscore,Baltimore Ravens,,New Orleans Saints,30,24,356,0,269,1
15,Sun,December 19,boxscore,New York Jets,@,Pittsburgh Steelers,22,17,276,0,377,0
15,Sun,December 19,boxscore,Philadelphia Eagles,@,New York Giants,38,31,418,3,364,2
15,Sun,December 19,boxscore,Dallas Cowboys,,Washington Redskins,33,30,434,0,341,3
15,Sun,December 19,boxscore,Tennessee Titans,,Houston Texans,31,17,359,1,323,1
15,Sun,December 19,boxscore,New England Patriots,,Green Bay Packers,31,27,249,0,369,2
15,Sun,December 19,boxscore,Detroit Lions,@,Tampa Bay Buccaneers,23,20,433,0,403,0
15,Sun,December 19,boxscore,Oakland Raiders,,Denver Broncos,39,23,502,3,235,1
15,Sun,December 19,boxscore,Carolina Panthers,,Arizona Cardinals,19,12,303,1,218,2
15,Sun,December 19,boxscore,Cincinnati Bengals,,Cleveland Browns,19,17,397,0,278,0
15,Sun,December 19,boxscore,Buffalo Bills,@,Miami Dolphins,17,14,282,1,326,2
15,Sun,December 19,boxscore,Atlanta Falcons,@,Seattle Seahawks,34,18,266,1,234,3
15,Mon,December 20,boxscore,Chicago Bears,@,Minnesota Vikings,40,14,293,1,273,5
Week,Day,Date,,Winner/tie,,Loser/tie,PtsW,PtsL,YdsW,TOW,YdsL,TOL
16,Thu,December 23,boxscore,Pittsburgh Steelers,,Carolina Panthers,27,3,408,2,119,2
16,Sat,December 25,boxscore,Arizona Cardinals,,Dallas Cowboys,27,26,271,0,382,3
16,Sun,December 26,boxscore,Washington Redskins,@,Jacksonville Jaguars,20,17,251,1,336,2
16,Sun,December 26,boxscore,St. Louis Rams,,San Francisco 49ers,25,17,335,1,331,2
16,Sun,December 26,boxscore,Tampa Bay Buccaneers,,Seattle Seahawks,38,15,439,0,174,0
16,Sun,December 26,boxscore,Cincinnati Bengals,,San Diego Chargers,34,20,371,1,313,2
16,Sun,December 26,boxscore,Baltimore Ravens,@,Cleveland Browns,20,10,258,1,280,4
16,Sun,December 26,boxscore,Kansas City Chiefs,,Tennessee Titans,34,14,458,2,270,2
16,Sun,December 26,boxscore,Chicago Bears,,New York Jets,38,34,322,1,393,2
16,Sun,December 26,boxscore,Green Bay Packers,,New York Giants,45,17,515,1,386,6
16,Sun,December 26,boxscore,Indianapolis Colts,@,Oakland Raiders,31,26,370,2,290,0
16,Sun,December 26,boxscore,Detroit Lions,@,Miami Dolphins,34,27,275,0,425,3
16,Sun,December 26,boxscore,Denver Broncos,,Houston Texans,24,23,431,1,401,1
16,Sun,December 26,boxscore,New England Patriots,@,Buffalo Bills,34,3,348,0,369,7
16,Mon,December 27,boxscore,New Orleans Saints,@,Atlanta Falcons,17,14,368,2,215,2
16,Tue,December 28,boxscore,Minnesota Vikings,@,Philadelphia Eagles,24,14,337,1,331,3
Week,Day,Date,,Winner/tie,,Loser/tie,PtsW,PtsL,YdsW,TOW,YdsL,TOL
17,Sun,January 2,boxscore,New York Giants,@,Washington Redskins,17,14,325,1,403,4
17,Sun,January 2,boxscore,Indianapolis Colts,,Tennessee Titans,23,20,358,1,341,1
17,Sun,January 2,boxscore,Pittsburgh Steelers,@,Cleveland Browns,41,9,418,0,225,3
17,Sun,January 2,boxscore,Oakland Raiders,@,Kansas City Chiefs,31,10,344,1,201,2
17,Sun,January 2,boxscore,Seattle Seahawks,,St. Louis Rams,16,6,333,1,184,1
17,Sun,January 2,boxscore,San Diego Chargers,@,Denver Broncos,33,28,447,1,337,2
17,Sun,January 2,boxscore,Tampa Bay Buccaneers,@,New Orleans Saints,23,13,317,2,305,3
17,Sun,January 2,boxscore,Detroit Lions,,Minnesota Vikings,20,13,357,2,211,1
17,Sun,January 2,boxscore,New England Patriots,,Miami Dolphins,38,7,502,1,250,2
17,Sun,January 2,boxscore,New York Jets,,Buffalo Bills,38,7,388,1,162,6
17,Sun,January 2,boxscore,Atlanta Falcons,,Carolina Panthers,31,10,352,1,291,2
17,Sun,January 2,boxscore,Green Bay Packers,,Chicago Bears,10,3,284,2,227,2
17,Sun,January 2,boxscore,Baltimore Ravens,,Cincinnati Bengals,13,7,199,2,395,5
17,Sun,January 2,boxscore,San Francisco 49ers,,Arizona Cardinals,38,7,362,0,279,2
17,Sun,January 2,boxscore,Dallas Cowboys,@,Philadelphia Eagles,14,13,272,1,244,4
17,Sun,January 2,boxscore,Houston Texans,,Jacksonville Jaguars,34,17,497,0,322,2
,,Playoffs,,,,,,,,,,
WildCard,Sat,January 8,boxscore,Seattle Seahawks,,New Orleans Saints,41,36,415,1,474,1
WildCard,Sat,January 8,boxscore,New York Jets,@,Indianapolis Colts,17,16,353,1,312,0
WildCard,Sun,January 9,boxscore,Green Bay Packers,@,Philadelphia Eagles,21,16,309,2,352,1
WildCard,Sun,January 9,boxscore,Baltimore Ravens,@,Kansas City Chiefs,30,7,390,2,161,5
Division,Sat,January 15,boxscore,Pittsburgh Steelers,,Baltimore Ravens,31,24,263,2,126,3
Division,Sat,January 15,boxscore,Green Bay Packers,@,Atlanta Falcons,48,21,442,1,194,4
Division,Sun,January 16,boxscore,New York Jets,@,New England Patriots,28,21,314,0,372,1
Division,Sun,January 16,boxscore,Chicago Bears,,Seattle Seahawks,35,24,437,1,276,0
ConfChamp,Sun,January 23,boxscore,Green Bay Packers,@,Chicago Bears,21,14,356,2,301,3
ConfChamp,Sun,January 23,boxscore,Pittsburgh Steelers,,New York Jets,24,19,287,2,289,1
SuperBowl,Sun,February 6,boxscore,Green Bay Packers,N,Pittsburgh Steelers,31,25,338,0,387,3Week,Day,Date,,Winner/tie,,Loser/tie,PtsW,PtsL,YdsW,TOW,YdsL,TOL
1,Thu,September 8,boxscore,Green Bay Packers,,New Orleans Saints,42,34,399,0,477,1
1,Sun,September 11,boxscore,Cincinnati Bengals,@,Cleveland Browns,27,17,294,0,285,1
1,Sun,September 11,boxscore,Arizona Cardinals,,Carolina Panthers,28,21,394,1,477,1
1,Sun,September 11,boxscore,Philadelphia Eagles,@,St. Louis Rams,31,13,403,1,335,1
1,Sun,September 11,boxscore,San Francisco 49ers,,Seattle Seahawks,33,17,209,0,219,3
1,Sun,September 11,boxscore,Washington Redskins,,New York Giants,28,14,332,1,315,1
1,Sun,September 11,boxscore,New York Jets,,Dallas Cowboys,27,24,360,2,390,3
1,Sun,September 11,boxscore,San Diego Chargers,,Minnesota Vikings,24,17,407,2,187,1
1,Sun,September 11,boxscore,Chicago Bears,,Atlanta Falcons,30,12,377,1,386,3
1,Sun,September 11,boxscore,Houston Texans,,Indianapolis Colts,34,7,384,3,236,2
1,Sun,September 11,boxscore,Baltimore Ravens,,Pittsburgh Steelers,35,7,385,0,312,7
1,Sun,September 11,boxscore,Buffalo Bills,@,Kansas City Chiefs,41,7,364,1,213,3
1,Sun,September 11,boxscore,Detroit Lions,@,Tampa Bay Buccaneers,27,20,431,1,315,2
1,Sun,September 11,boxscore,Jacksonville Jaguars,,Tennessee Titans,16,14,323,1,292,1
1,Mon,September 12,boxscore,New England Patriots,@,Miami Dolphins,38,24,622,1,488,1
1,Mon,September 12,boxscore,Oakland Raiders,@,Denver Broncos,23,20,289,1,310,3
Week,Day,Date,,Winner/tie,,Loser/tie,PtsW,PtsL,YdsW,TOW,YdsL,TOL
2,Sun,September 18,boxscore,Buffalo Bills,,Oakland Raiders,38,35,481,1,454,2
2,Sun,September 18,boxscore,Dallas Cowboys,@,San Francisco 49ers,27,24,472,2,206,1
2,Sun,September 18,boxscore,Atlanta Falcons,,Philadelphia Eagles,35,31,318,2,447,3
2,Sun,September 18,boxscore,Pittsburgh Steelers,,Seattle Seahawks,24,0,421,0,164,0
2,Sun,September 18,boxscore,Houston Texans,@,Miami Dolphins,23,13,345,0,306,2
2,Sun,September 18,boxscore,New England Patriots,,San Diego Chargers,35,21,504,0,470,4
2,Sun,September 18,boxscore,Green Bay Packers,@,Carolina Panthers,30,23,419,1,475,4
2,Sun,September 18,boxscore,New Orleans Saints,,Chicago Bears,30,13,382,1,246,1
2,Sun,September 18,boxscore,New York Jets,,Jacksonville Jaguars,32,3,283,2,203,4
2,Sun,September 18,boxscore,Cleveland Browns,@,Indianapolis Colts,27,19,303,1,285,2
2,Sun,September 18,boxscore,Tampa Bay Buccaneers,@,Minnesota Vikings,24,20,335,1,398,1
2,Sun,September 18,boxscore,Detroit Lions,,Kansas City Chiefs,48,3,411,1,267,6
2,Sun,September 18,boxscore,Washington Redskins,,Arizona Cardinals,22,21,455,2,324,2
2,Sun,September 18,boxscore,Tennessee Titans,,Baltimore Ravens,26,13,432,1,229,3
2,Sun,September 18,boxscore,Denver Broncos,,Cincinnati Bengals,24,22,318,2,382,0
2,Mon,September 19,boxscore,New York Giants,,St. Louis Rams,28,16,323,1,367,2
Week,Day,Date,,Winner/tie,,Loser/tie,PtsW,PtsL,YdsW,TOW,YdsL,TOL
3,Sun,September 25,boxscore,Green Bay Packers,@,Chicago Bears,27,17,392,2,291,2
3,Sun,September 25,boxscore,Cleveland Browns,,Miami Dolphins,17,16,280,1,369,2
3,Sun,September 25,boxscore,New Orleans Saints,,Houston Texans,40,33,454,2,473,1
3,Sun,September 25,boxscore,San Francisco 49ers,@,Cincinnati Bengals,13,8,226,1,228,3
3,Sun,September 25,boxscore,Seattle Seahawks,,Arizona Cardinals,13,10,261,1,324,2
3,Sun,September 25,boxscore,Pittsburgh Steelers,@,Indianapolis Colts,23,20,408,3,241,1
3,Sun,September 25,boxscore,San Diego Chargers,,Kansas City Chiefs,20,17,375,2,252,1
3,Sun,September 25,boxscore,Baltimore Ravens,@,St. Louis Rams,37,7,553,1,244,2
3,Sun,September 25,boxscore,Tennessee Titans,,Denver Broncos,17,14,333,2,231,2
3,Sun,September 25,boxscore,Tampa Bay Buccaneers,,Atlanta Falcons,16,13,295,2,325,3
3,Sun,September 25,boxscore,Buffalo Bills,,New England Patriots,34,31,448,2,495,4
3,Sun,September 25,boxscore,New York Giants,@,Philadelphia Eagles,29,16,334,0,376,3
3,Sun,September 25,boxscore,Oakland Raiders,,New York Jets,34,24,383,0,439,2
3,Sun,September 25,boxscore,Detroit Lions,@,Minnesota Vikings,26,23,358,0,321,0
3,Sun,September 25,boxscore,Carolina Panthers,,Jacksonville Jaguars,16,10,265,0,257,1
3,Mon,September 26,boxscore,Dallas Cowboys,,Washington Redskins,18,16,375,2,298,2
Week,Day,Date,,Winner/tie,,Loser/tie,PtsW,PtsL,YdsW,TOW,YdsL,TOL
4,Sun,October 2,boxscore,New England Patriots,@,Oakland Raiders,31,19,409,0,504,2
4,Sun,October 2,boxscore,Green Bay Packers,,Denver Broncos,49,23,507,2,384,4
4,Sun,October 2,boxscore,Chicago Bears,,Carolina Panthers,34,29,317,1,543,1
4,Sun,October 2,boxscore,San Francisco 49ers,@,Philadelphia Eagles,24,23,442,1,513,3
4,Sun,October 2,boxscore,Baltimore Ravens,,New York Jets,34,17,267,3,150,4
4,Sun,October 2,boxscore,Tennessee Titans,@,Cleveland Browns,31,13,332,1,416,1
4,Sun,October 2,boxscore,Cincinnati Bengals,,Buffalo Bills,23,20,458,2,273,0
4,Sun,October 2,boxscore,Washington Redskins,@,St. Louis Rams,17,10,339,2,172,1
4,Sun,October 2,boxscore,Kansas City Chiefs,,Minnesota Vikings,22,17,350,0,341,1
4,Sun,October 2,boxscore,Detroit Lions,@,Dallas Cowboys,34,30,303,1,434,3
4,Sun,October 2,boxscore,Houston Texans,,Pittsburgh Steelers,17,10,318,0,296,1
4,Sun,October 2,boxscore,New Orleans Saints,@,Jacksonville Jaguars,23,10,503,2,274,1
4,Sun,October 2,boxscore,Atlanta Falcons,@,Seattle Seahawks,30,28,412,0,372,2
4,Sun,October 2,boxscore,San Diego Chargers,,Miami Dolphins,26,16,411,0,248,2
4,Sun,October 2,boxscore,New York Giants,@,Arizona Cardinals,31,27,360,2,368,2
4,Mon,October 3,boxscore,Tampa Bay Buccaneers,,Indianapolis Colts,24,17,466,0,318,1
Week,Day,Date,,Winner/tie,,Loser/tie,PtsW,PtsL,YdsW,TOW,YdsL,TOL
5,Sun,October 9,boxscore,Green Bay Packers,@,Atlanta Falcons,25,14,426,1,251,2
5,Sun,October 9,boxscore,New Orleans Saints,@,Carolina Panthers,30,27,444,1,381,1
5,Sun,October 9,boxscore,Minnesota Vikings,,Arizona Cardinals,34,10,332,1,291,4
5,Sun,October 9,boxscore,Buffalo Bills,,Philadelphia Eagles,31,24,331,1,489,5
5,Sun,October 9,boxscore,Pittsburgh Steelers,,Tennessee Titans,38,17,431,1,306,1
5,Sun,October 9,boxscore,Cincinnati Bengals,@,Jacksonville Jaguars,30,20,239,1,296,2
5,Sun,October 9,boxscore,New England Patriots,,New York Jets,30,21,446,1,255,0
5,Sun,October 9,boxscore,San Francisco 49ers,,Tampa Bay Buccaneers,48,3,418,1,272,3
5,Sun,October 9,boxscore,San Diego Chargers,@,Denver Broncos,29,24,418,2,275,1
5,Sun,October 9,boxscore,Oakland Raiders,@,Houston Texans,25,20,278,1,473,2
5,Sun,October 9,boxscore,Seattle Seahawks,@,New York Giants,36,25,424,3,464,5
5,Sun,October 9,boxscore,Kansas City Chiefs,@,Indianapolis Colts,28,24,436,0,355,0
5,Mon,October 10,boxscore,Detroit Lions,,Chicago Bears,24,13,395,1,359,0
Week,Day,Date,,Winner/tie,,Loser/tie,PtsW,PtsL,YdsW,TOW,YdsL,TOL
6,Sun,October 16,boxscore,New England Patriots,,Dallas Cowboys,20,16,371,4,377,2
6,Sun,October 16,boxscore,Oakland Raiders,,Cleveland Browns,24,17,329,1,268,1
6,Sun,October 16,boxscore,Philadelphia Eagles,@,Washington Redskins,20,13,422,2,287,4
6,Sun,October 16,boxscore,Baltimore Ravens,,Houston Texans,29,14,402,2,293,0
6,Sun,October 16,boxscore,Cincinnati Bengals,,Indianapolis Colts,27,17,358,0,273,3
6,Sun,October 16,boxscore,Tampa Bay Buccaneers,,New Orleans Saints,26,20,420,0,453,4
6,Sun,October 16,boxscore,Chicago Bears,,Minnesota Vikings,39,10,377,1,286,0
6,Sun,October 16,boxscore,New York Giants,,Buffalo Bills,27,24,414,0,374,2
6,Sun,October 16,boxscore,Green Bay Packers,,St. Louis Rams,24,3,399,1,424,1
6,Sun,October 16,boxscore,Pittsburgh Steelers,,Jacksonville Jaguars,17,13,370,0,209,0
6,Sun,October 16,boxscore,Atlanta Falcons,,Carolina Panthers,31,17,325,0,368,3
6,Sun,October 16,boxscore,San Francisco 49ers,@,Detroit Lions,25,19,314,2,310,0
6,Mon,October 17,boxscore,New York Jets,,Miami Dolphins,24,6,296,1,308,3
Week,Day,Date,,Winner/tie,,Loser/tie,PtsW,PtsL,YdsW,TOW,YdsL,TOL
7,Sun,October 23,boxscore,Denver Broncos,@,Miami Dolphins,18,15,308,1,267,1
7,Sun,October 23,boxscore,Cleveland Browns,,Seattle Seahawks,6,3,300,1,137,2
7,Sun,October 23,boxscore,Pittsburgh Steelers,@,Arizona Cardinals,32,20,445,0,330,1
7,Sun,October 23,boxscore,Kansas City Chiefs,@,Oakland Raiders,28,0,300,2,322,6
7,Sun,October 23,boxscore,Dallas Cowboys,,St. Louis Rams,34,7,445,1,265,2
7,Sun,October 23,boxscore,New York Jets,,San Diego Chargers,27,21,318,2,268,2
7,Sun,October 23,boxscore,Houston Texans,@,Tennessee Titans,41,7,518,0,148,2
7,Sun,October 23,boxscore,Chicago Bears,@,Tampa Bay Buccaneers,24,18,395,2,280,4
7,Sun,October 23,boxscore,New Orleans Saints,,Indianapolis Colts,62,7,557,0,252,3
7,Sun,October 23,boxscore,Green Bay Packers,@,Minnesota Vikings,33,27,421,1,435,2
7,Sun,October 23,boxscore,Atlanta Falcons,@,Detroit Lions,23,16,328,2,263,1
7,Sun,October 23,boxscore,Carolina Panthers,,Washington Redskins,33,20,407,0,353,3
7,Mon,October 24,boxscore,Jacksonville Jaguars,,Baltimore Ravens,12,7,205,1,146,2
Week,Day,Date,,Winner/tie,,Loser/tie,PtsW,PtsL,YdsW,TOW,YdsL,TOL
8,Sun,October 30,boxscore,San Francisco 49ers,,Cleveland Browns,20,10,348,0,290,2
8,Sun,October 30,boxscore,New York Giants,,Miami Dolphins,20,17,402,0,246,1
8,Sun,October 30,boxscore,Detroit Lions,@,Denver Broncos,45,10,376,0,312,3
8,Sun,October 30,boxscore,Pittsburgh Steelers,,New England Patriots,25,17,427,1,213,0
8,Sun,October 30,boxscore,Philadelphia Eagles,,Dallas Cowboys,34,7,495,0,267,1
8,Sun,October 30,boxscore,Baltimore Ravens,,Arizona Cardinals,30,27,405,2,207,1
8,Sun,October 30,boxscore,Buffalo Bills,,Washington Redskins,23,0,390,2,178,2
8,Sun,October 30,boxscore,Cincinnati Bengals,@,Seattle Seahawks,34,12,252,2,411,2
8,Sun,October 30,boxscore,Tennessee Titans,,Indianapolis Colts,27,10,311,0,399,2
8,Sun,October 30,boxscore,St. Louis Rams,,New Orleans Saints,31,21,323,1,283,2
8,Sun,October 30,boxscore,Minnesota Vikings,@,Carolina Panthers,24,21,361,1,405,2
8,Sun,October 30,boxscore,Houston Texans,,Jacksonville Jaguars,24,14,358,2,174,2
8,Mon,October 31,boxscore,Kansas City Chiefs,,San Diego Chargers,23,20,341,4,447,4
Week,Day,Date,,Winner/tie,,Loser/tie,PtsW,PtsL,YdsW,TOW,YdsL,TOL
9,Sun,November 6,boxscore,Denver Broncos,@,Oakland Raiders,38,24,412,0,416,3
9,Sun,November 6,boxscore,San Francisco 49ers,@,Washington Redskins,19,11,326,1,303,3
9,Sun,November 6,boxscore,New York Jets,@,Buffalo Bills,27,11,348,2,287,3
9,Sun,November 6,boxscore,Houston Texans,,Cleveland Browns,30,12,380,1,172,2
9,Sun,November 6,boxscore,Arizona Cardinals,,St. Louis Rams,19,13,262,0,383,1
9,Sun,November 6,boxscore,New York Giants,@,New England Patriots,24,20,361,2,438,4
9,Sun,November 6,boxscore,Miami Dolphins,@,Kansas City Chiefs,31,3,351,0,343,0
9,Sun,November 6,boxscore,Dallas Cowboys,,Seattle Seahawks,23,13,442,1,381,3
9,Sun,November 6,boxscore,Atlanta Falcons,@,Indianapolis Colts,31,7,432,1,186,2
9,Sun,November 6,boxscore,Green Bay Packers,@,San Diego Chargers,45,38,368,0,460,3
9,Sun,November 6,boxscore,Cincinnati Bengals,@,Tennessee Titans,24,17,319,0,328,1
9,Sun,November 6,boxscore,Baltimore Ravens,@,Pittsburgh Steelers,23,20,356,1,392,2
9,Sun,November 6,boxscore,New Orleans Saints,,Tampa Bay Buccaneers,27,16,453,1,365,0
9,Mon,November 7,boxscore,Chicago Bears,@,Philadelphia Eagles,30,24,372,2,330,2
Week,Day,Date,,Winner/tie,,Loser/tie,PtsW,PtsL,YdsW,TOW,YdsL,TOL
10,Thu,November 10,boxscore,Oakland Raiders,@,San Diego Chargers,24,17,489,2,314,2
10,Sun,November 13,boxscore,Miami Dolphins,,Washington Redskins,20,9,303,2,246,2
10,Sun,November 13,boxscore,Denver Broncos,@,Kansas City Chiefs,17,10,313,0,258,0
10,Sun,November 13,boxscore,New England Patriots,@,New York Jets,37,16,389,0,378,3
10,Sun,November 13,boxscore,New Orleans Saints,@,Atlanta Falcons,26,23,363,0,481,1
10,Sun,November 13,boxscore,Dallas Cowboys,,Buffalo Bills,44,7,433,0,271,4
10,Sun,November 13,boxscore,Arizona Cardinals,@,Philadelphia Eagles,21,17,370,2,289,2
10,Sun,November 13,boxscore,St. Louis Rams,@,Cleveland Browns,13,12,281,2,335,1
10,Sun,November 13,boxscore,San Francisco 49ers,,New York Giants,27,20,305,1,395,2
10,Sun,November 13,boxscore,Chicago Bears,,Detroit Lions,37,13,216,1,393,6
10,Sun,November 13,boxscore,Seattle Seahawks,,Baltimore Ravens,22,17,327,0,323,3
10,Sun,November 13,boxscore,Tennessee Titans,@,Carolina Panthers,30,3,383,1,279,2
10,Sun,November 13,boxscore,Pittsburgh Steelers,@,Cincinnati Bengals,24,17,328,1,279,2
10,Sun,November 13,boxscore,Houston Texans,@,Tampa Bay Buccaneers,37,9,420,0,231,4
10,Sun,November 13,boxscore,Jacksonville Jaguars,@,Indianapolis Colts,17,3,251,1,212,3
10,Mon,November 14,boxscore,Green Bay Packers,,Minnesota Vikings,45,7,356,1,266,1
Week,Day,Date,,Winner/tie,,Loser/tie,PtsW,PtsL,YdsW,TOW,YdsL,TOL
11,Thu,November 17,boxscore,Denver Broncos,,New York Jets,17,13,229,1,318,2
11,Sun,November 20,boxscore,Miami Dolphins,,Buffalo Bills,35,8,242,0,245,2
11,Sun,November 20,boxscore,Oakland Raiders,@,Minnesota Vikings,27,21,301,1,311,5
11,Sun,November 20,boxscore,Seattle Seahawks,@,St. Louis Rams,24,7,289,2,185,3
11,Sun,November 20,boxscore,Dallas Cowboys,@,Washington Redskins,27,24,353,0,339,2
11,Sun,November 20,boxscore,San Francisco 49ers,,Arizona Cardinals,23,7,431,1,229,5
11,Sun,November 20,boxscore,Detroit Lions,,Carolina Panthers,49,35,495,3,409,4
11,Sun,November 20,boxscore,Chicago Bears,,San Diego Chargers,31,20,378,1,332,3
11,Sun,November 20,boxscore,Atlanta Falcons,,Tennessee Titans,23,17,432,1,298,1
11,Sun,November 20,boxscore,Baltimore Ravens,,Cincinnati Bengals,31,24,373,1,483,3
11,Sun,November 20,boxscore,Green Bay Packers,,Tampa Bay Buccaneers,35,26,378,1,455,2
11,Sun,November 20,boxscore,Philadelphia Eagles,@,New York Giants,17,10,391,3,278,2
11,Sun,November 20,boxscore,Cleveland Browns,,Jacksonville Jaguars,14,10,334,1,303,0
11,Mon,November 21,boxscore,New England Patriots,,Kansas City Chiefs,34,3,380,1,334,3
Week,Day,Date,,Winner/tie,,Loser/tie,PtsW,PtsL,YdsW,TOW,YdsL,TOL
12,Thu,November 24,boxscore,Green Bay Packers,@,Detroit Lions,27,15,349,0,409,3
12,Thu,November 24,boxscore,Dallas Cowboys,,Miami Dolphins,20,19,303,2,352,1
12,Thu,November 24,boxscore,Baltimore Ravens,,San Francisco 49ers,16,6,253,0,170,1
12,Sun,November 27,boxscore,Tennessee Titans,,Tampa Bay Buccaneers,23,17,352,4,308,5
12,Sun,November 27,boxscore,Denver Broncos,@,San Diego Chargers,16,13,349,0,344,0
12,Sun,November 27,boxscore,Houston Texans,@,Jacksonville Jaguars,20,13,215,1,255,1
12,Sun,November 27,boxscore,Atlanta Falcons,,Minnesota Vikings,24,14,335,1,226,0
12,Sun,November 27,boxscore,Oakland Raiders,,Chicago Bears,25,20,341,1,401,3
12,Sun,November 27,boxscore,Washington Redskins,@,Seattle Seahawks,23,17,416,2,250,1
12,Sun,November 27,boxscore,New England Patriots,@,Philadelphia Eagles,38,20,457,0,466,1
12,Sun,November 27,boxscore,Pittsburgh Steelers,@,Kansas City Chiefs,13,9,290,2,252,4
12,Sun,November 27,boxscore,Arizona Cardinals,@,St. Louis Rams,23,20,374,3,272,2
12,Sun,November 27,boxscore,New York Jets,,Buffalo Bills,28,24,318,2,336,0
12,Sun,November 27,boxscore,Carolina Panthers,@,Indianapolis Colts,27,19,377,1,323,2
12,Sun,November 27,boxscore,Cincinnati Bengals,,Cleveland Browns,23,20,389,1,274,1
12,Mon,November 28,boxscore,New Orleans Saints,,New York Giants,49,24,577,0,465,2
Week,Day,Date,,Winner/tie,,Loser/tie,PtsW,PtsL,YdsW,TOW,YdsL,TOL
13,Thu,December 1,boxscore,Seattle Seahawks,,Philadelphia Eagles,31,14,347,0,330,4
13,Sun,December 4,boxscore,Houston Texans,,Atlanta Falcons,17,10,337,1,337,2
13,Sun,December 4,boxscore,Tennessee Titans,@,Buffalo Bills,23,17,317,0,386,2
13,Sun,December 4,boxscore,Baltimore Ravens,@,Cleveland Browns,24,10,448,1,233,1
13,Sun,December 4,boxscore,San Francisco 49ers,,St. Louis Rams,26,0,389,0,157,2
13,Sun,December 4,boxscore,New Orleans Saints,,Detroit Lions,31,17,438,0,466,1
13,Sun,December 4,boxscore,Arizona Cardinals,,Dallas Cowboys,19,13,327,0,336,0
13,Sun,December 4,boxscore,Pittsburgh Steelers,,Cincinnati Bengals,35,7,295,0,232,2
13,Sun,December 4,boxscore,New York Jets,@,Washington Redskins,34,19,266,1,304,3
13,Sun,December 4,boxscore,Carolina Panthers,@,Tampa Bay Buccaneers,38,19,385,0,285,1
13,Sun,December 4,boxscore,Denver Broncos,@,Minnesota Vikings,35,32,336,2,489,3
13,Sun,December 4,boxscore,Miami Dolphins,,Oakland Raiders,34,14,362,0,304,1
13,Sun,December 4,boxscore,Green Bay Packers,@,New York Giants,38,35,449,1,447,2
13,Sun,December 4,boxscore,New England Patriots,,Indianapolis Colts,31,24,362,0,437,2
13,Sun,December 4,boxscore,Kansas City Chiefs,@,Chicago Bears,10,3,252,1,181,3
13,Mon,December 5,boxscore,San Diego Chargers,@,Jacksonville Jaguars,38,14,433,0,306,1
Week,Day,Date,,Winner/tie,,Loser/tie,PtsW,PtsL,YdsW,TOW,YdsL,TOL
14,Thu,December 8,boxscore,Pittsburgh Steelers,,Cleveland Browns,14,3,416,3,304,2
14,Sun,December 11,boxscore,New York Giants,@,Dallas Cowboys,37,34,510,1,444,1
14,Sun,December 11,boxscore,Denver Broncos,,Chicago Bears,13,10,345,2,245,1
14,Sun,December 11,boxscore,Jacksonville Jaguars,,Tampa Bay Buccaneers,41,14,325,2,280,7
14,Sun,December 11,boxscore,Arizona Cardinals,,San Francisco 49ers,21,19,325,3,233,0
14,Sun,December 11,boxscore,Green Bay Packers,,Oakland Raiders,46,16,391,1,357,5
14,Sun,December 11,boxscore,Houston Texans,@,Cincinnati Bengals,20,19,412,4,285,2
14,Sun,December 11,boxscore,Baltimore Ravens,,Indianapolis Colts,24,10,358,2,167,1
14,Sun,December 11,boxscore,New Orleans Saints,@,Tennessee Titans,22,17,437,0,373,0
14,Sun,December 11,boxscore,Atlanta Falcons,@,Carolina Panthers,31,23,394,0,416,2
14,Sun,December 11,boxscore,Detroit Lions,,Minnesota Vikings,34,28,280,0,425,6
14,Sun,December 11,boxscore,New York Jets,,Kansas City Chiefs,37,10,314,1,221,1
14,Sun,December 11,boxscore,Philadelphia Eagles,@,Miami Dolphins,26,10,239,2,204,3
14,Sun,December 11,boxscore,New England Patriots,@,Washington Redskins,34,27,431,1,463,2
14,Sun,December 11,boxscore,San Diego Chargers,,Buffalo Bills,37,10,366,1,281,3
14,Mon,December 12,boxscore,Seattle Seahawks,,St. Louis Rams,30,13,359,1,281,1
Week,Day,Date,,Winner/tie,,Loser/tie,PtsW,PtsL,YdsW,TOW,YdsL,TOL
15,Thu,December 15,boxscore,Atlanta Falcons,,Jacksonville Jaguars,41,14,373,0,207,4
15,Sat,December 17,boxscore,Dallas Cowboys,@,Tampa Bay Buccaneers,31,15,399,1,190,1
15,Sun,December 18,boxscore,Cincinnati Bengals,@,St. Louis Rams,20,13,283,1,305,0
15,Sun,December 18,boxscore,San Diego Chargers,,Baltimore Ravens,34,14,415,0,290,2
15,Sun,December 18,boxscore,Miami Dolphins,@,Buffalo Bills,30,23,448,3,404,3
15,Sun,December 18,boxscore,New Orleans Saints,@,Minnesota Vikings,42,20,573,2,207,1
15,Sun,December 18,boxscore,Carolina Panthers,@,Houston Texans,28,13,316,0,358,3
15,Sun,December 18,boxscore,Washington Redskins,@,New York Giants,23,10,300,2,324,3
15,Sun,December 18,boxscore,New England Patriots,@,Denver Broncos,41,23,451,0,393,3
15,Sun,December 18,boxscore,Arizona Cardinals,,Cleveland Browns,20,17,363,1,333,1
15,Sun,December 18,boxscore,Indianapolis Colts,,Tennessee Titans,27,13,287,1,388,3
15,Sun,December 18,boxscore,Philadelphia Eagles,,New York Jets,45,19,420,4,241,4
15,Sun,December 18,boxscore,Seattle Seahawks,@,Chicago Bears,38,14,286,1,221,5
15,Sun,December 18,boxscore,Kansas City Chiefs,,Green Bay Packers,19,14,438,0,315,0
15,Sun,December 18,boxscore,Detroit Lions,@,Oakland Raiders,28,27,432,1,477,1
15,Mon,December 19,boxscore,San Francisco 49ers,,Pittsburgh Steelers,20,3,287,0,389,4
Week,Day,Date,,Winner/tie,,Loser/tie,PtsW,PtsL,YdsW,TOW,YdsL,TOL
16,Thu,December 22,boxscore,Indianapolis Colts,,Houston Texans,19,16,320,1,283,1
16,Sat,December 24,boxscore,Oakland Raiders,@,Kansas City Chiefs,16,13,308,2,435,2
16,Sat,December 24,boxscore,Tennessee Titans,,Jacksonville Jaguars,23,17,407,3,300,1
16,Sat,December 24,boxscore,Cincinnati Bengals,,Arizona Cardinals,23,16,301,2,316,3
16,Sat,December 24,boxscore,Pittsburgh Steelers,,St. Louis Rams,27,0,377,1,232,0
16,Sat,December 24,boxscore,Buffalo Bills,,Denver Broncos,40,14,351,0,285,3
16,Sat,December 24,boxscore,New England Patriots,,Miami Dolphins,27,24,400,0,374,2
16,Sat,December 24,boxscore,Baltimore Ravens,,Cleveland Browns,20,14,284,1,256,1
16,Sat,December 24,boxscore,San Francisco 49ers,@,Seattle Seahawks,19,17,349,0,265,1
16,Sat,December 24,boxscore,New York Giants,@,New York Jets,29,14,332,1,331,3
16,Sat,December 24,boxscore,Detroit Lions,,San Diego Chargers,38,10,440,0,367,2
16,Sat,December 24,boxscore,Minnesota Vikings,@,Washington Redskins,33,26,389,0,397,2
16,Sat,December 24,boxscore,Carolina Panthers,,Tampa Bay Buccaneers,48,16,433,0,317,4
16,Sat,December 24,boxscore,Philadelphia Eagles,@,Dallas Cowboys,20,7,386,1,238,0
16,Sun,December 25,boxscore,Green Bay Packers,,Chicago Bears,35,21,363,0,441,2
16,Mon,December 26,boxscore,New Orleans Saints,,Atlanta Falcons,45,16,463,2,469,1
Week,Day,Date,,Winner/tie,,Loser/tie,PtsW,PtsL,YdsW,TOW,YdsL,TOL
17,Sun,January 1,boxscore,Baltimore Ravens,@,Cincinnati Bengals,24,16,347,0,336,1
17,Sun,January 1,boxscore,Atlanta Falcons,,Tampa Bay Buccaneers,45,24,428,2,294,4
17,Sun,January 1,boxscore,Arizona Cardinals,,Seattle Seahawks,23,20,388,2,369,1
17,Sun,January 1,boxscore,Pittsburgh Steelers,@,Cleveland Browns,13,9,360,2,240,1
17,Sun,January 1,boxscore,Green Bay Packers,,Detroit Lions,45,41,550,2,575,4
17,Sun,January 1,boxscore,New York Giants,,Dallas Cowboys,31,14,437,0,300,2
17,Sun,January 1,boxscore,New Orleans Saints,,Carolina Panthers,45,17,617,1,301,2
17,Sun,January 1,boxscore,Philadelphia Eagles,,Washington Redskins,34,10,390,2,377,1
17,Sun,January 1,boxscore,Miami Dolphins,,New York Jets,19,17,210,2,374,3
17,Sun,January 1,boxscore,Chicago Bears,@,Minnesota Vikings,17,13,209,3,301,3
17,Sun,January 1,boxscore,San Francisco 49ers,@,St. Louis Rams,34,27,321,0,311,2
17,Sun,January 1,boxscore,New England Patriots,,Buffalo Bills,49,21,480,1,402,4
17,Sun,January 1,boxscore,Kansas City Chiefs,@,Denver Broncos,7,3,281,1,266,2
17,Sun,January 1,boxscore,Tennessee Titans,@,Houston Texans,23,22,361,1,387,1
17,Sun,January 1,boxscore,San Diego Chargers,@,Oakland Raiders,38,26,463,1,520,1
17,Sun,January 1,boxscore,Jacksonville Jaguars,,Indianapolis Colts,19,13,261,1,298,3
,,Playoffs,,,,,,,,,,
WildCard,Sat,January 7,boxscore,Houston Texans,,Cincinnati Bengals,31,10,340,0,300,3
WildCard,Sat,January 7,boxscore,New Orleans Saints,,Detroit Lions,45,28,626,2,412,2
WildCard,Sun,January 8,boxscore,New York Giants,,Atlanta Falcons,24,2,442,0,247,0
WildCard,Sun,January 8,boxscore,Denver Broncos,,Pittsburgh Steelers,29,23,447,1,400,1
Division,Sat,January 14,boxscore,New England Patriots,,Denver Broncos,45,10,509,2,252,1
Division,Sat,January 14,boxscore,San Francisco 49ers,,New Orleans Saints,36,32,407,1,472,5
Division,Sun,January 15,boxscore,New York Giants,@,Green Bay Packers,37,20,420,1,388,4
Division,Sun,January 15,boxscore,Baltimore Ravens,,Houston Texans,20,13,227,0,315,4
ConfChamp,Sun,January 22,boxscore,New England Patriots,,Baltimore Ravens,23,20,330,3,398,1
ConfChamp,Sun,January 22,boxscore,New York Giants,@,San Francisco 49ers,20,17,352,0,328,2
SuperBowl,Sun,February 5,boxscore,New York Giants,N,New England Patriots,21,17,396,0,349,1
Week,Day,Date,,Winner/tie,,Loser/tie,PtsW,PtsL,YdsW,TOW,YdsL,TOL
1,Wed,September 5,boxscore,Dallas Cowboys,@,New York Giants,24,17,433,1,269,1
1,Sun,September 9,boxscore,Philadelphia Eagles,@,Cleveland Browns,17,16,456,5,210,4
1,Sun,September 9,boxscore,New England Patriots,@,Tennessee Titans,34,13,390,0,284,2
1,Sun,September 9,boxscore,Denver Broncos,,Pittsburgh Steelers,31,19,334,1,284,1
1,Sun,September 9,boxscore,San Francisco 49ers,@,Green Bay Packers,30,22,377,0,324,1
1,Sun,September 9,boxscore,Arizona Cardinals,,Seattle Seahawks,20,16,253,2,254,2
1,Sun,September 9,boxscore,Washington Redskins,@,New Orleans Saints,40,32,459,0,358,3
1,Sun,September 9,boxscore,Chicago Bears,,Indianapolis Colts,41,21,428,1,356,5
1,Sun,September 9,boxscore,Atlanta Falcons,@,Kansas City Chiefs,40,24,376,0,393,3
1,Sun,September 9,boxscore,Houston Texans,,Miami Dolphins,30,10,337,0,275,4
1,Sun,September 9,boxscore,Detroit Lions,,St. Louis Rams,27,23,429,3,250,0
1,Sun,September 9,boxscore,Tampa Bay Buccaneers,,Carolina Panthers,16,10,258,0,301,2
1,Sun,September 9,boxscore,Minnesota Vikings,,Jacksonville Jaguars,26,23,389,1,355,1
1,Sun,September 9,boxscore,New York Jets,,Buffalo Bills,48,28,384,1,390,4
1,Mon,September 10,boxscore,Baltimore Ravens,,Cincinnati Bengals,44,13,430,0,322,2
1,Mon,September 10,boxscore,San Diego Chargers,@,Oakland Raiders,22,14,258,0,321,1
Week,Day,Date,,Winner/tie,,Loser/tie,PtsW,PtsL,YdsW,TOW,YdsL,TOL
2,Thu,September 13,boxscore,Green Bay Packers,,Chicago Bears,23,10,321,2,168,4
2,Sun,September 16,boxscore,New York Giants,,Tampa Bay Buccaneers,41,34,604,3,307,2
2,Sun,September 16,boxscore,Miami Dolphins,,Oakland Raiders,35,13,452,0,396,1
2,Sun,September 16,boxscore,Carolina Panthers,,New Orleans Saints,35,27,463,1,486,2
2,Sun,September 16,boxscore,Seattle Seahawks,,Dallas Cowboys,27,7,315,0,296,2
2,Sun,September 16,boxscore,Buffalo Bills,,Kansas City Chiefs,35,17,379,0,422,3
2,Sun,September 16,boxscore,Cincinnati Bengals,,Cleveland Browns,34,27,375,1,439,1
2,Sun,September 16,boxscore,Arizona Cardinals,@,New England Patriots,20,18,242,2,387,1
2,Sun,September 16,boxscore,Houston Texans,@,Jacksonville Jaguars,27,7,411,0,117,1
2,Sun,September 16,boxscore,Philadelphia Eagles,,Baltimore Ravens,24,23,486,4,325,2
2,Sun,September 16,boxscore,Indianapolis Colts,,Minnesota Vikings,23,20,278,0,327,1
2,Sun,September 16,boxscore,Pittsburgh Steelers,,New York Jets,27,10,331,0,219,1
2,Sun,September 16,boxscore,St. Louis Rams,,Washington Redskins,31,28,452,3,373,1
2,Sun,September 16,boxscore,San Diego Chargers,,Tennessee Titans,38,10,416,1,212,1
2,Sun,September 16,boxscore,San Francisco 49ers,,Detroit Lions,27,19,349,1,296,1
2,Mon,September 17,boxscore,Atlanta Falcons,,Denver Broncos,27,21,275,0,336,4
Week,Day,Date,,Winner/tie,,Loser/tie,PtsW,PtsL,YdsW,TOW,YdsL,TOL
3,Thu,September 20,boxscore,New York Giants,@,Carolina Panthers,36,7,405,0,327,5
3,Sun,September 23,boxscore,Oakland Raiders,,Pittsburgh Steelers,34,31,321,1,433,2
3,Sun,September 23,boxscore,Chicago Bears,,St. Louis Rams,23,6,274,1,160,2
3,Sun,September 23,boxscore,Jacksonville Jaguars,@,Indianapolis Colts,22,17,333,0,437,1
3,Sun,September 23,boxscore,Tennessee Titans,,Detroit Lions,44,41,437,2,583,1
3,Sun,September 23,boxscore,Minnesota Vikings,,San Francisco 49ers,24,13,344,2,280,3
3,Sun,September 23,boxscore,Atlanta Falcons,@,San Diego Chargers,27,3,384,1,280,4
3,Sun,September 23,boxscore,Baltimore Ravens,,New England Patriots,31,30,503,1,396,0
3,Sun,September 23,boxscore,New York Jets,@,Miami Dolphins,23,20,388,2,381,2
3,Sun,September 23,boxscore,Arizona Cardinals,,Philadelphia Eagles,27,6,292,0,307,3
3,Sun,September 23,boxscore,Cincinnati Bengals,@,Washington Redskins,38,31,478,2,381,1
3,Sun,September 23,boxscore,Houston Texans,@,Denver Broncos,31,25,436,2,375,1
3,Sun,September 23,boxscore,Dallas Cowboys,,Tampa Bay Buccaneers,16,10,297,3,166,2
3,Sun,September 23,boxscore,Kansas City Chiefs,@,New Orleans Saints,27,24,510,3,288,1
3,Sun,September 23,boxscore,Buffalo Bills,@,Cleveland Browns,24,14,344,1,240,2
3,Mon,September 24,boxscore,Seattle Seahawks,,Green Bay Packers,14,12,238,0,268,0
Week,Day,Date,,Winner/tie,,Loser/tie,PtsW,PtsL,YdsW,TOW,YdsL,TOL
4,Thu,September 27,boxscore,Baltimore Ravens,,Cleveland Browns,23,16,438,1,357,2
4,Sun,September 30,boxscore,St. Louis Rams,,Seattle Seahawks,19,13,286,1,319,3
4,Sun,September 30,boxscore,Cincinnati Bengals,@,Jacksonville Jaguars,27,10,382,2,212,2
4,Sun,September 30,boxscore,Minnesota Vikings,@,Detroit Lions,20,13,227,0,341,1
4,Sun,September 30,boxscore,Houston Texans,,Tennessee Titans,38,14,297,0,325,3
4,Sun,September 30,boxscore,Washington Redskins,@,Tampa Bay Buccaneers,24,22,474,0,373,1
4,Sun,September 30,boxscore,San Diego Chargers,@,Kansas City Chiefs,37,20,293,1,349,6
4,Sun,September 30,boxscore,San Francisco 49ers,@,New York Jets,34,0,381,0,145,4
4,Sun,September 30,boxscore,Arizona Cardinals,,Miami Dolphins,24,21,297,2,480,4
4,Sun,September 30,boxscore,Philadelphia Eagles,,New York Giants,19,17,422,0,366,1
4,Sun,September 30,boxscore,Atlanta Falcons,,Carolina Panthers,30,28,426,1,404,1
4,Sun,September 30,boxscore,Green Bay Packers,,New Orleans Saints,28,27,421,2,474,0
4,Sun,September 30,boxscore,Denver Broncos,,Oakland Raiders,37,6,503,1,237,0
4,Sun,September 30,boxscore,New England Patriots,@,Buffalo Bills,52,28,580,2,438,6
4,Mon,October 1,boxscore,Chicago Bears,@,Dallas Cowboys,34,18,360,1,430,5
Week,Day,Date,,Winner/tie,,Loser/tie,PtsW,PtsL,YdsW,TOW,YdsL,TOL
5,Thu,October 4,boxscore,St. Louis Rams,,Arizona Cardinals,17,3,242,1,282,1
5,Sun,October 7,boxscore,Indianapolis Colts,,Green Bay Packers,30,27,464,1,356,1
5,Sun,October 7,boxscore,Pittsburgh Steelers,,Philadelphia Eagles,16,14,343,0,246,2
5,Sun,October 7,boxscore,New Orleans Saints,,San Diego Chargers,31,24,404,1,427,2
5,Sun,October 7,boxscore,New England Patriots,,Denver Broncos,31,21,444,1,394,3
5,Sun,October 7,boxscore,San Francisco 49ers,,Buffalo Bills,45,3,621,1,204,2
5,Sun,October 7,boxscore,Minnesota Vikings,,Tennessee Titans,30,7,433,2,267,2
5,Sun,October 7,boxscore,Chicago Bears,@,Jacksonville Jaguars,41,3,501,1,189,3
5,Sun,October 7,boxscore,Atlanta Falcons,@,Washington Redskins,24,17,421,2,316,2
5,Sun,October 7,boxscore,Miami Dolphins,@,Cincinnati Bengals,17,13,279,2,298,3
5,Sun,October 7,boxscore,Baltimore Ravens,@,Kansas City Chiefs,9,6,298,2,338,4
5,Sun,October 7,boxscore,New York Giants,,Cleveland Browns,41,27,502,2,375,3
5,Sun,October 7,boxscore,Seattle Seahawks,@,Carolina Panthers,16,12,310,3,190,2
5,Mon,October 8,boxscore,Houston Texans,@,New York Jets,23,17,378,1,286,2
Week,Day,Date,,Winner/tie,,Loser/tie,PtsW,PtsL,YdsW,TOW,YdsL,TOL
6,Thu,October 11,boxscore,Tennessee Titans,,Pittsburgh Steelers,26,23,359,1,412,1
6,Sun,October 14,boxscore,Baltimore Ravens,,Dallas Cowboys,31,29,316,0,481,1
6,Sun,October 14,boxscore,New York Jets,,Indianapolis Colts,35,9,351,0,298,4
6,Sun,October 14,boxscore,Detroit Lions,@,Philadelphia Eagles,26,23,449,1,357,3
6,Sun,October 14,boxscore,Green Bay Packers,@,Houston Texans,42,24,427,0,321,3
6,Sun,October 14,boxscore,New York Giants,@,San Francisco 49ers,26,3,342,0,314,3
6,Sun,October 14,boxscore,Tampa Bay Buccaneers,,Kansas City Chiefs,38,10,463,2,260,2
6,Sun,October 14,boxscore,Seattle Seahawks,,New England Patriots,24,23,368,2,475,2
6,Sun,October 14,boxscore,Buffalo Bills,@,Arizona Cardinals,19,16,306,2,332,2
6,Sun,October 14,boxscore,Atlanta Falcons,,Oakland Raiders,23,20,286,3,474,3
6,Sun,October 14,boxscore,Miami Dolphins,,St. Louis Rams,17,14,192,0,462,1
6,Sun,October 14,boxscore,Cleveland Browns,,Cincinnati Bengals,34,24,328,1,438,4
6,Sun,October 14,boxscore,Washington Redskins,,Minnesota Vikings,38,26,361,1,421,3
6,Mon,October 15,boxscore,Denver Broncos,@,San Diego Chargers,35,24,365,3,307,6
Week,Day,Date,,Winner/tie,,Loser/tie,PtsW,PtsL,YdsW,TOW,YdsL,TOL
7,Thu,October 18,boxscore,San Francisco 49ers,,Seattle Seahawks,13,6,313,1,251,1
7,Sun,October 21,boxscore,Dallas Cowboys,@,Carolina Panthers,19,14,312,1,328,2
7,Sun,October 21,boxscore,Oakland Raiders,,Jacksonville Jaguars,26,23,351,3,209,1
7,Sun,October 21,boxscore,New Orleans Saints,@,Tampa Bay Buccaneers,35,28,458,1,513,0
7,Sun,October 21,boxscore,Houston Texans,,Baltimore Ravens,43,13,420,0,176,2
7,Sun,October 21,boxscore,New England Patriots,,New York Jets,29,26,381,1,403,2
7,Sun,October 21,boxscore,Pittsburgh Steelers,@,Cincinnati Bengals,24,17,431,2,185,1
7,Sun,October 21,boxscore,Green Bay Packers,@,St. Louis Rams,30,20,402,0,354,1
7,Sun,October 21,boxscore,Indianapolis Colts,,Cleveland Browns,17,13,321,1,319,0
7,Sun,October 21,boxscore,Tennessee Titans,@,Buffalo Bills,35,34,390,0,382,2
7,Sun,October 21,boxscore,New York Giants,,Washington Redskins,27,23,393,2,480,4
7,Sun,October 21,boxscore,Minnesota Vikings,,Arizona Cardinals,21,14,209,2,356,2
7,Mon,October 22,boxscore,Chicago Bears,,Detroit Lions,13,7,296,0,340,4
Week,Day,Date,,Winner/tie,,Loser/tie,PtsW,PtsL,YdsW,TOW,YdsL,TOL
8,Thu,October 25,boxscore,Tampa Bay Buccaneers,@,Minnesota Vikings,36,17,416,0,369,3
8,Sun,October 28,boxscore,Miami Dolphins,@,New York Jets,30,9,236,1,363,2
8,Sun,October 28,boxscore,Detroit Lions,,Seattle Seahawks,28,24,415,1,369,2
8,Sun,October 28,boxscore,New York Giants,@,Dallas Cowboys,29,24,293,2,434,6
8,Sun,October 28,boxscore,Denver Broncos,,New Orleans Saints,34,14,530,1,252,1
8,Sun,October 28,boxscore,Indianapolis Colts,@,Tennessee Titans,19,13,457,1,339,0
8,Sun,October 28,boxscore,Chicago Bears,,Carolina Panthers,23,22,210,3,416,2
8,Sun,October 28,boxscore,Pittsburgh Steelers,,Washington Redskins,27,12,355,0,255,0
8,Sun,October 28,boxscore,Oakland Raiders,@,Kansas City Chiefs,26,16,344,1,299,4
8,Sun,October 28,boxscore,Atlanta Falcons,@,Philadelphia Eagles,30,17,392,0,270,0
8,Sun,October 28,boxscore,Green Bay Packers,,Jacksonville Jaguars,24,15,238,1,341,1
8,Sun,October 28,boxscore,New England Patriots,@,St. Louis Rams,45,7,473,0,326,2
8,Sun,October 28,boxscore,Cleveland Browns,,San Diego Chargers,7,6,250,0,265,1
8,Mon,October 29,boxscore,San Francisco 49ers,@,Arizona Cardinals,24,3,317,0,265,1
Week,Day,Date,,Winner/tie,,Loser/tie,PtsW,PtsL,YdsW,TOW,YdsL,TOL
9,Thu,November 1,boxscore,San Diego Chargers,,Kansas City Chiefs,31,13,339,2,289,4
9,Sun,November 4,boxscore,Denver Broncos,@,Cincinnati Bengals,31,23,359,2,366,1
9,Sun,November 4,boxscore,Carolina Panthers,@,Washington Redskins,21,13,330,0,337,0
9,Sun,November 4,boxscore,Indianapolis Colts,,Miami Dolphins,23,20,516,0,365,0
9,Sun,November 4,boxscore,Houston Texans,,Buffalo Bills,21,9,374,0,304,1
9,Sun,November 4,boxscore,Chicago Bears,@,Tennessee Titans,51,20,365,1,339,5
9,Sun,November 4,boxscore,Detroit Lions,@,Jacksonville Jaguars,31,14,434,0,279,2
9,Sun,November 4,boxscore,Atlanta Falcons,,Dallas Cowboys,19,13,453,0,377,0
9,Sun,November 4,boxscore,Tampa Bay Buccaneers,@,Oakland Raiders,42,32,515,1,424,3
9,Sun,November 4,boxscore,Baltimore Ravens,@,Cleveland Browns,25,15,282,0,290,2
9,Sun,November 4,boxscore,Seattle Seahawks,,Minnesota Vikings,30,20,385,0,287,2
9,Sun,November 4,boxscore,Green Bay Packers,,Arizona Cardinals,31,17,384,1,340,2
9,Sun,November 4,boxscore,Pittsburgh Steelers,@,New York Giants,24,20,349,2,182,1
9,Mon,November 5,boxscore,New Orleans Saints,,Philadelphia Eagles,28,13,371,2,447,2
Week,Day,Date,,Winner/tie,,Loser/tie,PtsW,PtsL,YdsW,TOW,YdsL,TOL
10,Thu,November 8,boxscore,Indianapolis Colts,@,Jacksonville Jaguars,27,10,359,2,337,3
10,Sun,November 11,boxscore,Houston Texans,@,Chicago Bears,13,6,215,2,249,4
10,Sun,November 11,boxscore,Baltimore Ravens,,Oakland Raiders,55,20,419,1,422,3
10,Sun,November 11,boxscore,New England Patriots,,Buffalo Bills,37,31,347,0,481,3
10,Sun,November 11,boxscore,Cincinnati Bengals,,New York Giants,31,13,275,1,318,4
10,Sun,November 11,boxscore,Dallas Cowboys,@,Philadelphia Eagles,38,23,294,0,369,2
10,Sun,November 11,boxscore,San Francisco 49ers,,St. Louis Rams,24,24,341,0,458,1
10,Sun,November 11,boxscore,New Orleans Saints,,Atlanta Falcons,31,27,440,1,454,1
10,Sun,November 11,boxscore,Seattle Seahawks,,New York Jets,28,7,363,2,185,3
10,Sun,November 11,boxscore,Tampa Bay Buccaneers,,San Diego Chargers,34,24,279,0,426,2
10,Sun,November 11,boxscore,Denver Broncos,@,Carolina Panthers,36,14,360,2,250,2
10,Sun,November 11,boxscore,Minnesota Vikings,,Detroit Lions,34,24,403,0,368,2
10,Sun,November 11,boxscore,Tennessee Titans,@,Miami Dolphins,37,3,293,0,255,4
10,Mon,November 12,boxscore,Pittsburgh Steelers,,Kansas City Chiefs,16,13,249,1,290,1
Week,Day,Date,,Winner/tie,,Loser/tie,PtsW,PtsL,YdsW,TOW,YdsL,TOL
11,Thu,November 15,boxscore,Buffalo Bills,,Miami Dolphins,19,14,281,0,184,3
11,Sun,November 18,boxscore,New York Jets,@,St. Louis Rams,27,13,289,0,281,3
11,Sun,November 18,boxscore,Tampa Bay Buccaneers,@,Carolina Panthers,27,21,403,3,331,1
11,Sun,November 18,boxscore,Dallas Cowboys,,Cleveland Browns,23,20,320,1,311,1
11,Sun,November 18,boxscore,New Orleans Saints,@,Oakland Raiders,38,17,380,0,404,2
11,Sun,November 18,boxscore,New England Patriots,,Indianapolis Colts,59,24,446,0,448,4
11,Sun,November 18,boxscore,Cincinnati Bengals,@,Kansas City Chiefs,28,6,409,0,284,1
11,Sun,November 18,boxscore,Baltimore Ravens,@,Pittsburgh Steelers,13,10,200,0,309,3
11,Sun,November 18,boxscore,Green Bay Packers,@,Detroit Lions,24,20,314,1,362,4
11,Sun,November 18,boxscore,Denver Broncos,,San Diego Chargers,30,23,386,2,277,3
11,Sun,November 18,boxscore,Houston Texans,,Jacksonville Jaguars,43,37,653,3,458,1
11,Sun,November 18,boxscore,Atlanta Falcons,,Arizona Cardinals,23,19,354,6,178,1
11,Sun,November 18,boxscore,Washington Redskins,,Philadelphia Eagles,31,6,361,0,257,3
11,Mon,November 19,boxscore,San Francisco 49ers,,Chicago Bears,32,7,353,0,143,2
Week,Day,Date,,Winner/tie,,Loser/tie,PtsW,PtsL,YdsW,TOW,YdsL,TOL
12,Thu,November 22,boxscore,Washington Redskins,@,Dallas Cowboys,38,31,437,1,458,3
12,Thu,November 22,boxscore,Houston Texans,@,Detroit Lions,34,31,501,1,525,1
12,Thu,November 22,boxscore,New England Patriots,@,New York Jets,49,19,475,1,405,5
12,Sun,November 25,boxscore,Indianapolis Colts,,Buffalo Bills,20,13,312,2,304,1
12,Sun,November 25,boxscore,Denver Broncos,@,Kansas City Chiefs,17,9,368,1,264,1
12,Sun,November 25,boxscore,Cleveland Browns,,Pittsburgh Steelers,20,14,238,1,242,8
12,Sun,November 25,boxscore,St. Louis Rams,@,Arizona Cardinals,31,17,367,1,375,4
12,Sun,November 25,boxscore,Baltimore Ravens,@,San Diego Chargers,16,13,443,0,280,0
12,Sun,November 25,boxscore,Atlanta Falcons,@,Tampa Bay Buccaneers,24,23,424,2,326,0
12,Sun,November 25,boxscore,Miami Dolphins,,Seattle Seahawks,24,21,435,1,312,0
12,Sun,November 25,boxscore,Chicago Bears,,Minnesota Vikings,28,10,296,2,258,3
12,Sun,November 25,boxscore,San Francisco 49ers,@,New Orleans Saints,31,21,375,2,290,2
12,Sun,November 25,boxscore,Cincinnati Bengals,,Oakland Raiders,34,10,415,0,218,2
12,Sun,November 25,boxscore,New York Giants,,Green Bay Packers,38,10,390,0,317,2
12,Sun,November 25,boxscore,Jacksonville Jaguars,,Tennessee Titans,24,19,321,1,360,2
12,Mon,November 26,boxscore,Carolina Panthers,@,Philadelphia Eagles,30,22,398,0,311,3
Week,Day,Date,,Winner/tie,,Loser/tie,PtsW,PtsL,YdsW,TOW,YdsL,TOL
13,Thu,November 29,boxscore,Atlanta Falcons,,New Orleans Saints,23,13,283,1,436,5
13,Sun,December 2,boxscore,Pittsburgh Steelers,@,Baltimore Ravens,23,20,366,3,288,2
13,Sun,December 2,boxscore,New England Patriots,@,Miami Dolphins,23,16,321,1,277,1
13,Sun,December 2,boxscore,Dallas Cowboys,,Philadelphia Eagles,38,33,417,0,423,1
13,Sun,December 2,boxscore,Denver Broncos,,Tampa Bay Buccaneers,31,23,333,1,306,1
13,Sun,December 2,boxscore,Cleveland Browns,@,Oakland Raiders,20,17,475,2,429,1
13,Sun,December 2,boxscore,St. Louis Rams,,San Francisco 49ers,16,13,293,0,339,1
13,Sun,December 2,boxscore,Cincinnati Bengals,@,San Diego Chargers,20,13,339,3,297,2
13,Sun,December 2,boxscore,Seattle Seahawks,@,Chicago Bears,23,17,459,1,365,0
13,Sun,December 2,boxscore,Houston Texans,@,Tennessee Titans,24,10,331,0,354,6
13,Sun,December 2,boxscore,Green Bay Packers,,Minnesota Vikings,23,14,435,1,359,2
13,Sun,December 2,boxscore,New York Jets,,Arizona Cardinals,7,6,289,4,137,1
13,Sun,December 2,boxscore,Indianapolis Colts,@,Detroit Lions,35,33,459,3,451,1
13,Sun,December 2,boxscore,Buffalo Bills,,Jacksonville Jaguars,34,18,344,2,236,2
13,Sun,December 2,boxscore,Kansas City Chiefs,,Carolina Panthers,27,21,355,0,385,0
13,Mon,December 3,boxscore,Washington Redskins,,New York Giants,17,16,370,1,390,0
Week,Day,Date,,Winner/tie,,Loser/tie,PtsW,PtsL,YdsW,TOW,YdsL,TOL
14,Thu,December 6,boxscore,Denver Broncos,@,Oakland Raiders,26,13,428,1,324,2
14,Sun,December 9,boxscore,Cleveland Browns,,Kansas City Chiefs,30,7,352,0,310,1
14,Sun,December 9,boxscore,San Francisco 49ers,,Miami Dolphins,27,13,321,0,227,1
14,Sun,December 9,boxscore,San Diego Chargers,@,Pittsburgh Steelers,34,24,294,0,340,2
14,Sun,December 9,boxscore,Green Bay Packers,,Detroit Lions,27,20,288,1,386,2
14,Sun,December 9,boxscore,Philadelphia Eagles,@,Tampa Bay Buccaneers,23,21,367,1,314,0
14,Sun,December 9,boxscore,St. Louis Rams,@,Buffalo Bills,15,12,285,1,281,2
14,Sun,December 9,boxscore,Carolina Panthers,,Atlanta Falcons,30,20,475,0,362,1
14,Sun,December 9,boxscore,Indianapolis Colts,,Tennessee Titans,27,23,269,2,356,2
14,Sun,December 9,boxscore,New York Jets,@,Jacksonville Jaguars,17,10,270,2,291,2
14,Sun,December 9,boxscore,New York Giants,,New Orleans Saints,52,27,394,2,487,4
14,Sun,December 9,boxscore,Seattle Seahawks,,Arizona Cardinals,58,0,493,1,154,8
14,Sun,December 9,boxscore,Washington Redskins,,Baltimore Ravens,31,28,423,1,359,2
14,Sun,December 9,boxscore,Dallas Cowboys,@,Cincinnati Bengals,20,19,288,1,336,1
14,Sun,December 9,boxscore,Minnesota Vikings,,Chicago Bears,21,14,248,1,438,2
14,Mon,December 10,boxscore,New England Patriots,,Houston Texans,42,14,419,1,323,1
Week,Day,Date,,Winner/tie,,Loser/tie,PtsW,PtsL,YdsW,TOW,YdsL,TOL
15,Thu,December 13,boxscore,Cincinnati Bengals,@,Philadelphia Eagles,34,13,249,2,219,5
15,Sun,December 16,boxscore,Seattle Seahawks,@,Buffalo Bills,50,17,466,0,333,3
15,Sun,December 16,boxscore,Atlanta Falcons,,New York Giants,34,0,394,0,256,3
15,Sun,December 16,boxscore,Miami Dolphins,,Jacksonville Jaguars,24,3,389,1,299,0
15,Sun,December 16,boxscore,Arizona Cardinals,,Detroit Lions,38,10,196,1,312,4
15,Sun,December 16,boxscore,New Orleans Saints,,Tampa Bay Buccaneers,41,0,447,0,386,5
15,Sun,December 16,boxscore,Dallas Cowboys,,Pittsburgh Steelers,27,24,415,1,388,2
15,Sun,December 16,boxscore,Minnesota Vikings,@,St. Louis Rams,36,22,322,0,432,2
15,Sun,December 16,boxscore,Denver Broncos,@,Baltimore Ravens,34,17,350,0,278,2
15,Sun,December 16,boxscore,Washington Redskins,@,Cleveland Browns,38,21,430,1,291,2
15,Sun,December 16,boxscore,Houston Texans,,Indianapolis Colts,29,17,417,0,272,1
15,Sun,December 16,boxscore,San Francisco 49ers,@,New England Patriots,41,34,388,2,520,4
15,Sun,December 16,boxscore,Green Bay Packers,@,Chicago Bears,21,13,391,2,190,1
15,Sun,December 16,boxscore,Oakland Raiders,,Kansas City Chiefs,15,0,385,1,119,1
15,Sun,December 16,boxscore,Carolina Panthers,@,San Diego Chargers,31,7,372,1,164,2
15,Mon,December 17,boxscore,Tennessee Titans,,New York Jets,14,10,294,0,253,5
Week,Day,Date,,Winner/tie,,Loser/tie,PtsW,PtsL,YdsW,TOW,YdsL,TOL
16,Sat,December 22,boxscore,Atlanta Falcons,@,Detroit Lions,31,18,344,0,522,3
16,Sun,December 23,boxscore,Chicago Bears,@,Arizona Cardinals,28,13,297,1,248,3
16,Sun,December 23,boxscore,Baltimore Ravens,,New York Giants,33,14,533,0,186,0
16,Sun,December 23,boxscore,Green Bay Packers,,Tennessee Titans,55,7,460,0,180,2
16,Sun,December 23,boxscore,Denver Broncos,,Cleveland Browns,34,12,457,1,233,1
16,Sun,December 23,boxscore,Washington Redskins,@,Philadelphia Eagles,27,20,313,1,411,2
16,Sun,December 23,boxscore,New England Patriots,@,Jacksonville Jaguars,23,16,349,2,436,3
16,Sun,December 23,boxscore,Carolina Panthers,,Oakland Raiders,17,6,271,2,189,1
16,Sun,December 23,boxscore,San Diego Chargers,@,New York Jets,27,17,223,0,225,2
16,Sun,December 23,boxscore,Seattle Seahawks,,San Francisco 49ers,42,13,346,1,313,2
16,Sun,December 23,boxscore,New Orleans Saints,@,Dallas Cowboys,34,31,562,0,446,1
16,Sun,December 23,boxscore,Miami Dolphins,,Buffalo Bills,24,10,301,0,381,4
16,Sun,December 23,boxscore,Minnesota Vikings,@,Houston Texans,23,6,345,1,187,2
16,Sun,December 23,boxscore,Cincinnati Bengals,@,Pittsburgh Steelers,13,10,267,3,280,3
16,Sun,December 23,boxscore,St. Louis Rams,@,Tampa Bay Buccaneers,28,13,285,2,429,5
16,Sun,December 23,boxscore,Indianapolis Colts,@,Kansas City Chiefs,20,13,288,0,507,3
Week,Day,Date,,Winner/tie,,Loser/tie,PtsW,PtsL,YdsW,TOW,YdsL,TOL
17,Sun,December 30,boxscore,San Diego Chargers,,Oakland Raiders,24,21,210,0,265,1
17,Sun,December 30,boxscore,Seattle Seahawks,,St. Louis Rams,20,13,362,0,331,1
17,Sun,December 30,boxscore,Denver Broncos,,Kansas City Chiefs,38,3,488,1,119,0
17,Sun,December 30,boxscore,New England Patriots,,Miami Dolphins,28,0,443,0,256,2
17,Sun,December 30,boxscore,New York Giants,,Philadelphia Eagles,42,7,397,0,317,1
17,Sun,December 30,boxscore,Indianapolis Colts,,Houston Texans,28,16,265,0,352,2
17,Sun,December 30,boxscore,Tennessee Titans,,Jacksonville Jaguars,38,20,221,0,375,3
17,Sun,December 30,boxscore,San Francisco 49ers,,Arizona Cardinals,27,13,407,0,262,2
17,Sun,December 30,boxscore,Carolina Panthers,@,New Orleans Saints,44,38,530,1,441,1
17,Sun,December 30,boxscore,Minnesota Vikings,,Green Bay Packers,37,34,444,0,405,1
17,Sun,December 30,boxscore,Washington Redskins,,Dallas Cowboys,28,18,361,0,296,3
17,Sun,December 30,boxscore,Chicago Bears,@,Detroit Lions,26,24,389,0,327,4
17,Sun,December 30,boxscore,Pittsburgh Steelers,,Cleveland Browns,24,10,212,0,320,4
17,Sun,December 30,boxscore,Buffalo Bills,,New York Jets,28,9,334,1,332,2
17,Sun,December 30,boxscore,Cincinnati Bengals,,Baltimore Ravens,23,17,189,0,352,1
17,Sun,December 30,boxscore,Tampa Bay Buccaneers,@,Atlanta Falcons,22,17,366,1,278,0
,,Playoffs,,,,,,,,,,
WildCard,Sat,January 5,boxscore,Green Bay Packers,,Minnesota Vikings,24,10,326,0,324,3
WildCard,Sat,January 5,boxscore,Houston Texans,,Cincinnati Bengals,19,13,420,1,198,1
WildCard,Sun,January 6,boxscore,Seattle Seahawks,@,Washington Redskins,24,14,380,1,203,2
WildCard,Sun,January 6,boxscore,Baltimore Ravens,,Indianapolis Colts,24,9,439,2,419,2
Division,Sat,January 12,boxscore,Baltimore Ravens,@,Denver Broncos,38,35,479,1,398,3
Division,Sat,January 12,boxscore,San Francisco 49ers,,Green Bay Packers,45,31,579,1,352,2
Division,Sun,January 13,boxscore,Atlanta Falcons,,Seattle Seahawks,30,28,417,2,491,2
Division,Sun,January 13,boxscore,New England Patriots,,Houston Texans,41,28,457,0,425,1
ConfChamp,Sun,January 20,boxscore,San Francisco 49ers,@,Atlanta Falcons,28,24,373,1,477,2
ConfChamp,Sun,January 20,boxscore,Baltimore Ravens,@,New England Patriots,28,13,356,0,428,3
SuperBowl,Sun,February 3,boxscore,Baltimore Ravens,@,San Francisco 49ers,34,31,367,1,468,2